id,country,name,city
6,NL,Chicago Social Club,Amsterdam
12,NL,Club Red,Leeuwarden
36,NL,Club NL,Amsterdam
53,NL,Balkenhaven,Zaandam
368,NL,Scum,Katwijk
499,NL,De Leeren Lampe,Raalte
511,NL,IJsselhallen,Zwolle
988,NL,Strandpaviljoen Deining,Castricum
1166,BE,Red & Blue,Antwerp
1342,NL,Zaal Jan van Hoek,Asten
1635,NL,Reguliersdwarsstraat,Amsterdam
1783,NL,Strand Zuid Amsterdam,Amsterdam
1812,NL,Tramzicht Domburg,Domburg
2270,DE,Fühlinger See,Köln
3145,NL,Uithof,Den Haag
3281,NL,Canvas,Amsterdam
3453,NL,MediArena Studio 1,Amsterdam
4213,FR,Connexion Live,Toulouse
5350,NL,WTC Expo,Leeuwarden
5669,NL,Sportpaleis,Alkmaar
5764,NL,Chalet Fontaine,Kaatsheuvel
6842,US,Bayfront Park,Miami
6930,NL,Club & Danscafé Vios,Hengelo
6957,GB,Corsica Studios,London
7392,NL,Plaza Café,Helmond
7763,NL,De Oude Rechtbank,
8338,NL,Recreatiegebied Stroombroek,
9306,NL,Veemkade,
9931,IE,Stradbally Hall,
10476,BE,Museum voor Schone Kunsten,
11734,NL,De Weijer Boxmeer,
12013,NL,SkyPalace,
12026,GB,Hampden Park,
12116,NL,News Cafe,
13716,PT,Centro Cultural Olga Cadaval,
13912,DE,Eventcenter Zak,
14172,DE,Radio Sabor Köln,
14773,NL,Rembrandtplein,
15880,ES,Port Aventura,
16156,NL,The Beach Aalsmeer,
16474,AU,Oxford Art Factory,
16834,NL,Moergestel,
17160,GB,Moles,
17310,DE,Halle 7,
17670,BE,Stadhuis van Mechelen,
17829,GB,Printworks,
18175,BE,CC De Meent,
18984,ES,El Medi,
19100,GB,Electrowerkz,
19283,CA,Vieux-Port de Montréal,
19456,CA,Rickshaw Theatre,
19601,US,Berklee Performance Center,
19754,GB,Haydock Park,
19790,GB,Princess Pavilion,
20096,NL,VUE Bioscoop,
20314,ES,Rachdingue,
21767,US,Majestic Theatre,
21924,HU,Romkert,
22195,RS,Drugstore Beograd,
22908,DE,Philharmonie Essen,
23397,ES,Aldiana Alcaidesa,
23658,ES,La Cochera Cabaret,
23743,DE,Festspielhaus Baden-Baden,
24201,GB,Clapham Common,
24303,NL,Het Podium,
25162,AT,TipsArena Linz,
25937,DE,MHPArena,
26859,BE,Stad Brugge,
27156,GB,The Sugarmill,
29327,IT,Carisport - Cesena,
30371,BE,LUX GENT,
30407,GB,McQueen - Shoreditch,
30737,CH,LAC Lugano Arte e Cultura,
32067,AU,"Sydney Olympic Park, Homebush",
38604,BE,Limburghal,
38754,BE,Felix Pakhuis,
40062,DE,Schwarzwaldhalle Karlsruhe,
41389,IT,Mantova Piazza Sordello,
41506,IT,Teatro Augusteo Salerno,
41857,IT,Teatro Bellini di Napoli,
43674,AT,The Loft,
44237,ES,Shôko Barcelona,
44836,AU,The Metro Theatre,
45650,GB,Manchester city centre,
47521,BE,Gemeente Zonhoven,
53411,NL,Boompjeskade 14,
57291,DE,Neukirchen,
60974,NL,Beursgebouw Eindhoven,
61024,GB,The ICC,
65027,ES,Palexco,
66898,AT,Kitzbühel,
72261,ES,Pabellón de Cristal,
79643,GB,Ice Skating At Somerset House,
93364,IT,Teatro Regionale Alessandrino,
98230,FR,Aubervilliers,
100978,NL,Bijlmer Parktheater,
111109,BE,Winterbar Mirage Mechelen,
111862,ES,Teatro Victoria,
114695,CA,PNE/Playland,
115104,CA,City At Night,
116379,BE,Cultuurhuis Tessenderlo,
125836,US,Kennedy Center,
132619,DE,Hallesches Haus,
132956,NL,Lammermarkt,
133670,NZ,Bay Dreams,
133915,NL,Nationaal Militair Museum,
134089,GB,Settle Victoria Hall,
134175,IE,The Helix Dublin,
134782,NL,VuurFestival Meddo,
137176,NL,Blaricum,
140793,BE,Cultuurcentrum De Ververij,
142866,BE,Gemeenschapscentrum De Route,
143953,MC,monte carlo,
144590,DE,CHAMÄLEON Theater,
144792,DE,Capitol Theater Offenbach   ,
145744,PL,Hala Ludowa,
145867,GB,26 Leake Street ,
146853,DE,Komödie im Bayerischen Hof,
146886,DE,Hush Hush,
147142,PT,Pavilhão Multiusos de Guimarães,
147993,DE,Polygon Club,
148013,ES,Café & Pop Torgal,
148035,BE,Zebrawoods,
148333,NL,Fellini,
148391,DE,Kulturwerft Gollan,
148649,PT,Ministerium Club,
150249,ES,Cam aula de Cultura Alicante ,
150719,AU,Marvel Stadium,
151001,ZA,"Tankwa Karoo National Park, South Afrika",
151113,IE,Rochestown Park Hotel,
151657,GB,Stansted Airport,
152363,FR,Saint-Pair-sur-Mer,
153320,IT,Parco San Giuliano,
154305,US,Broadway New York,
154392,GB,InterContinental London - (Arora Ballroom),
154625,DE,Berliner Kriminaltheater ,
155155,AU,Hamer Hall | Arts Centre Melbourne,
155381,NL,Bruut,
155964,ES,Kinepolis,
157005,AT,Wiener Neustädter Stadion,
157505,HU,CAT Budapest,
157783,AU,Hotel Barkly St. Kilda,
157807,MX,Mia Restaurant & Beach Club,
157876,BE,CC Ploter,
158263,HU,Ludovika Aréna,
158966,TH,Baba Beach Club Phuket,
159173,NL,Hoogerheide,
159497,HU,Tesla Loft,
159582,FR,L’Arena,
160137,NL,Café Van der Geest,
160182,ES,Municipal Sports Complex The Form,
160318,ES,Playa Fórum,
162220,IT,Common Ground,
162418,NL,De Nijverheid,
163905,BE,Park Groot Schijn,
164284,ES,Estadio Enrique Roca de Murcia,
164690,CZ,Vojenské letiště Milovice,
166322,NL,"Henseniusplein, Venray",
166402,FR,Nexus,
167044,GB,Void/Mocha nightclub,
167220,ES,Blackhaus,
167900,NL,Het Bastion ,
168516,SE,Slottskogsvallen IP,
169635,ES,Centro Niemeyer,
169789,NL,POING,
170770,ES,Costa Este,
171231,GB,"Ushaw Historic House, Chapels & Gardens",
171820,NL,Feesttent C. V. De Piepenplassers,
172008,ES,Cinesa Proyecciones,
172010,DE,Tresor.West,
172084,ES,Viveiro,
175489,NL,Fosbury and Sons,
177358,GB,Moonshine ,
47,DE,Tresor.Berlin,Berlin
314,NL,El Corazon,Roosendaal
805,DE,Müllheim an der Ruhr,Mülheim
809,NL,Der Aa-Kerk,Groningen
1971,NL,Cultuurpark Westergasfabriek,Amsterdam
2175,NL,Plein 1940,Rotterdam
3511,NL,Disco Dolly,Amsterdam
3547,NL,Museumplein,Amsterdam
3701,NL,De Oude Markthal op het Food Center terrein aan de Jan van Galenstraat,Amsterdam
5186,FR,Le Quatrain,Haute Goulaine
5658,DE,Oberhausen,Oberhausen
6008,NL,Hermitage Amsterdam,Amsterdam
6248,NL,Stratumseind,Eindhoven
6631,NL,Marie Heinekenplein,Amsterdam
6793,AU,Adelaide Showground,Adelaide
6884,NL,Bouw & Infra Park,Harderwijk
8549,DE,Bergheider See,
9467,CZ,PVA Expo Praha,
9771,NL,Nesselande,
10100,NL,Maaspodium,
10399,DE,Saarbrücken,
11595,NL,MFC De Kreek,
11877,NL,La Bamba,
12031,NL,Suikerunie,
12098,NL,Grand Hotel Huis Ter Duin,
12613,FI,Espoo Metro Areena,
13868,NL,De Post,
13889,DE,Münchner Kammerspiele,
15308,FR,Secret Place,
15761,NL,Hoorn,
15954,DE,Funkhaus,
16266,NL,Kopstootbar,
16666,GB,The Brickworks,
16716,ES,Stereo Alicante,
17422,NL,KINO,
17542,GB,"Newcastle University Student's Union",
17968,NL,Kinepolis Breda,
18065,HU,Gödör Klub,
18249,DE,Olympiapark München,
18416,BE,The Villa Antwerp,
19030,GB,Corporation,
19666,ES,Cine Estudio - Círculo de Bellas Artes,
19838,GB,Ironworks Venue,
20377,GB,The Glee Club Cardiff,
20543,GB,Headrow House,
21186,HU,Óbudai Kulturális Központ,
21844,GB,Goodison Park Stadium,
22036,ES,Sala Hangar,
22196,US,House of YES,
22368,NL,Lemelerveld,
23266,DE,Weissenhäuser Strand,
23555,HU,"Mosonmagyaróvár, Hungary",
23732,SE,Brewhouse,
23890,PT,"Vila Nova de Gaia, Portugal",
24816,BE,Oudenaarde,
26766,IE,Number Twenty-Two,
27128,BE,Espace Georges Truffaut,
27262,GB,Royal Victoria Dock,
27434,US,The Englert Theatre,
27710,GB,Brangwyn Hall,
27822,BE,Eskimofabriek,
30543,GB,The Middlesbrough Empire,
37655,GB,Halo Bournemouth,
38901,FR,Bellona Club,
40836,IT,Circo Massimo Roma,
48742,GB,Tramway,
51041,GB,Soho Theatre,
52592,GB,Ipswich Town Hall & Corn Exchange,
57251,FR,Théâtre Fémina,
60828,ES,Auditorio de Tenerife,
61082,LU,Lenox Club Luxembourg,
63728,NL,Sporthal Spantveld,
68012,BE,Maldegem,
72060,GB,Motherwell Concert Hall and Theatre,
74968,BE,Oude Vismijn,
76088,NL,Schouwburg De Domijnen,
79616,NL,Superdisco,
82359,NL,Grote Kerk,
88722,GB,Cheltenham Racecourse,
90023,ES,Occo,
90146,NL,Roepaen Podium,
96408,SE,Musikhjälpen,
99933,NL,Lunenburg,
99972,NL,Hofman Café,
100558,NL,Elsom Open Air,
105934,BE,Bar Rodin,
111588,NL,DOK6 Horeca,
111714,BE,Autoworld,
115171,CA,The Great Hall,
116441,NL,De Ceuvel,
116481,NL,Werkplaats,
123480,BE,De Biekorf,
123554,HU,Bem Mozi,
126780,DE,Gürzenich,
126850,ES,Sala B3 ,
133407,NL,CHV Noordkade Veghel,
133817,CZ,Hala Vodova,
134242,NL,Vue Eindhoven,
134400,NL,Walsbergseweg,
135569,FR,Loft Club,
136991,ES,Puerto de Alicante,
137477,ES,Territorio Musical ,
139151,GB,Hillsborough Park,
139447,NO,Voldsløkka,
140453,DE,Alianz arena,
141485,AU,Langley Park,
143998,US,cirque du soleil at mandalay bay,
144917,HU,"SOLT - Vécsey Károly Művelődési Ház és Könyvtár, Vécsey Károly Művelődési Ház és Könyvtár - SOLT",
145419,HU,Szépművészeti Múzeum,
146632,GB,The Night Owl,
147519,BE,Antwerpen Centraal,
148195,ES,Auditori Cornellà,
148556,DE,E-DRY,
149444,ES,Teatro Marquina,
149482,DE,Sputnik Kino,
149879,BE,Scharpoord,
150552,NL,Kreitenmolenstraat,
151243,DE,Westcoast-Heide,
154659,AU,Sydney Showground,
154842,GB,Walcot House,
154860,NL,Het Speelhuis,
155432,IT,Palazzo dei Congressi ,
155459,ES,Yelmo Cines Ideal,
156414,AU,Wellington Square,
158719,CR,The BPM Festival,
158756,AU,"Ken Rosewall Arena, Sydney Olympic Park",
159293,NL,Beachclub Later Aan Zee,
159527,AU,Riva St Kilda,
160223,SE,Valandhuset,
160312,NL,Willem-Alexanderplein,
160457,NL,Alle Remmen Los Festival,
160741,NL,Witte Paard,
160917,BE,Klub Melk,
161310,BE,Kinepolis,
162417,AU,The Forum ,
162552,ES,"Muelle Levante, 12",
166213,GB,One Cartridge Place,
166640,GB,The Lofts,
167631,GB,Lost Horizon,
168102,BE,TheCommon,
168544,ES,Palacio De Congresos,
168697,GB,O2 Academy Edinburgh,
169549,ES,Malalts de Festa,
169561,NL,Parkeerplaats FC Emmen,
169701,BE,Kinépolis Liège,
169851,ES,Sala Soho Alternative,
169902,NL,Boulevard Outdoor,
170089,NL,Markt Centraal,
170092,HU,Gamerland,
170129,GB,New Theatre ,
170192,DE,Zenner Biergarten und Weingarten,
171646,HU,Red Club Theatre,
171694,GB,The Joe Longthorne Theatre,
172288,BE,Théâtre du Vaudeville,
173662,DE,Altes Stadttheater Eichstätt,
175383,GB,Bongo’s Bingo London Bridge,
176975,CH,Kinker,
177164,BE,Kasteel Domein Groenenberg ,
177795,MX,Jungle of Tulum,
178288,NL,MYLC Eindhoven,
178359,BE,Zaal Roeland,
178602,BE,Steel Gate,
179035,NL,Grasnapolsky 2023 · Fabriek De Toekomst,
179298,NL,Vice Versa,
179595,NL,Transformatorhuis Westergas,
179738,AT,Secret Prater Warehouse,
179948,NL,Podium Azijnfabriek,
179965,ES,Teatro El Soho,
180123,BE,Archipel,
180312,IT,Piccolo Teatro Grassi ,
180681,NL,Bonabo Social Club ,
180753,NL,"Kininelaantje 9, 's- Gravenland ",
180843,ES,Sala Mytho ,
26,NL,Studio/K,Amsterdam
111,NL,Lichtfabriek,Haarlem
112,NL,Taets Art and Event Park,Zaandam
249,NL,Danzig,The Hague
553,NL,Westerliefde,Amsterdam
563,NL,Café Bij Tante,Elst
985,NL,Kokomo Beach,Willemstad
2892,FR,YOYO - Palais de Tokyo,Paris
3506,DE,Butan Club,Wuppertal
5624,NL,Huis Verloren,Hoorn
6641,DE,BASF Feierabendhaus,Ludwigshafen
6722,BE,Les Ateliers Claus,Brussels
8328,NL,Haarlem,
8435,NL,Old Cave,
11781,DE,"Zimmermann's",
12003,NL,De Hofnar,
12746,NL,Haarlemmermeerse Bos,
12912,NL,Schaffelaartheater,
13106,NL,Zegerplas,
13526,DE,Munich,
15523,NL,Voorstraat,
15967,BE,Cultuurcentrum Guldenberg,
16044,ES,Multiusos Fontes do Sar,
16270,NL,Beverwijk & Velsen,
17521,NL,Proost in Breda,
17550,BE,CC Berchem,
18415,BE,Skyclub,
18536,ES,Malandar Music Club,
18550,ES,Sala Stroika,
18659,NL,Corpus,
18743,GB,Mono Cafe Bar,
19363,CA,The Phoenix Concert Theatre,
19712,GB,Opera House Theatre,
20705,NL,De Vliert,
21989,ES,Circoloco Ibiza,
22263,NL,Fletcher Hotel-Restaurant Nautisch Kwartier,
22451,US,45 East,
22577,NO,Telenor,
22649,US,Daytona International Speedway,
22733,NO,Parkteatret,
22854,SI,"Ljubljana, Slovenia",
23925,ES,Sala Es Gremi,
24373,DE,Konzerthalle Bamberg,
26271,HU,RS9,
27072,HU,Kolibri Színház,
27925,GB,Crewe Lyceum,
29680,HU,Albabar,
32713,BE,LE GARAGE CREATIVE MUSIC,
43671,IT,Superstudio Group,
45196,FR,"L'Ampérage",
45283,BE,Atelier Rock Huy,
49872,HU,Tállya,
68278,IT,Monza,
68352,FR,ZooParc de Beauval,
68577,NL,Burgh-Haamstede,
68842,ES,Pabellón Santiago Martín,
78469,BR,Rio de Janeiro,
80097,AT,Audimax,
82493,NL,Expo Haarlemmermeer,
83918,NL,Fletcher Hotel-Restaurant De Wageningsche Berg,
84534,GB,The Level Nottingham,
85199,GB,We are Fstvl,
90083,NL,Fryslan Fean Plaza,
91357,AU,AAMI Park,
91477,AU,The Croxton Bandroom,
91583,AU,Corner Hotel,
92790,IT,Teatro Goldoni Livorno,
99579,IT,The Space Odeon Milano Duomo,
99636,GB,Sheffield Wednesday FC,
100203,ES,A Candeloria Lugo,
106612,NL,Sportcentrum Vreeloo,
106657,DK,Annexet,
107952,FR,6PAR4,
115074,CA,Newspeak,
119160,BE,Kinepolis Leuven,
121292,GB,"The King's Theatre",
125974,CZ,Studio DVA Divadlo,
126449,BE,GC De Boesdaalhoeve,
126457,NL,De Uitspanning,
133291,US,Abbey,
133774,IT,Punta della Dogana,
137194,FR,Azar Club,
138038,ES,The Club M7,
140318,NL,Mystic Garden Festival,
140594,GB,Saddlers Wells Theatre,
141176,GB,Northern Stage,
141272,ES,Lienzo Norte,
141576,DE,KuFa Kulturfabrik,
142168,BE,Kinepolis Oostende,
142679,ES,Teatro Español,
144874,BE,La Fabrik,
145607,FR,Ninkasi Gerland,
145939,GB,The Mill Digbeth,
146310,NL,The Commons Restaurant,
146858,NL,Shooters,
147034,AU,Catani Gardens,
147413,IE,"Saint Anne's Park",
147805,IE,Bord Gáis Energy Theatre,
147848,DE,Osthafen Berlin,
148112,CW,Parasasa Beach,
148301,ES,Teatro de la Comedia,
148332,NL,Sportcentrum De Lunet,
148874,BE,CC De Steiger | Boom,
150391,DE,Inkognito ,
151607,CH,Audio Club,
151898,AT,Festspielhaus St. Pölten,
152138,NL,Theater De Paardenkathedraal,
152445,AU,Lost Paradise,
153253,EE,Tallinn Song Festival Grounds,
153306,BE,Muziekcentrum Track,
153833,GB,Content ,
155394,FR,"Théâtre de Paris, 75009 Paris",
155398,ES,Aliatar,
156413,BE,Centrum Ysara,
156612,NL,Best Western Plus Hotel Haarhuis,
158020,NL,Lovelee,
158474,ES,Alterate Club,
159924,NL,Marktstad,
161783,BE,Pilar,
161842,NL,Youseum,
161871,DE,Alia Club ,
163669,BE,Club Enfin,
164026,LT,"VU Botanikos sodas, Vingio parkas",
164636,ES,Bodegas González Byass,
166194,DE,Philharmonie,
166627,ES,Recinto Hípico de Mairena del Aljarafe,
168053,NL,"D'in Hiemel",
168454,NL,Poing Arcade,
168456,NL,Altijd in de Buurt ,
169164,PT,São Mamede CAE,
169593,NL,Graaf de Brimeuplein,
169786,GB,Q Shoreditch,
169888,BE,Durbuy,
170526,DE,Rulantica,
172508,RO,Costinesti,
172841,DK,Søndermarken,
173294,PT,"Vila Praia de Âncora, Portugal",
173320,US,Hilarities 4th St. Theater,
173515,DE,Sparkassen-Arena,
174320,GB,"The Dome, Tufnell Park ",
175561,ES,Eixample,
177185,NL,"Podium De Domeinen, Toon Hermans Theater",
177871,NL,Liquicity Festival Geestmerambact,
178802,PL,"Open'er Festival",
179040,BE,"Château d'Enghien",
179573,US,Swissotel Chicago,
180002,FR,Château de Saint-Brisson,
180046,AE,D3 Dubai Design District,
180099,NL,De Gouden Tijger,
180271,ES,Auditorio de Cornellà ,
180294,NL,De Uurwerker,
180382,EG,Hatshepsut Temple,
180386,CW,Goatbay #1,
180403,NL,Boulevard Vlissingen,
180562,BE,vestiging Kinepolis naar keuze in België ,
180589,CA,Place Jean Béliveau,
180647,NZ,Arena Manawatu,
181065,HU,Fügeudvar,
181069,IT,Torino,
181235,UY,Open Park ,
181242,BE,Herkenrode Abbey,
181282,NZ,Tremain Feild,
181360,US,Red Hook Brooklyn,
181384,ES,auditori,
181461,NL,Hampshire boshotel ,
181470,DE,botrop skihal,
181479,AT,Altes Kino,
181585,ES,"Jaggy's techno culture",
181622,NL,Mariakapel Koudewater,
181631,BE,Boulevard André Delvaux 1,
181632,BE,"l'Imprimerie de la Banque Nationale",
181654,ES,Auditorio Abanca,
181714,ES,Calle del Conde Duque,
181734,HU,Napfényes Rendezvényterem,
181735,GB,Brunel Museum,
181820,DE,Maxhütte-Haidhof,
177741,NZ,Ātiu Creek Regional Park,
178116,GB,The Monastery ,
178202,NL,Café de Locomotief,
178609,BE,GC de zandloper,
179098,IT,Teatro Olimpico,
179169,ES,OCine Urban,
179183,NL,Cultura,
179241,ES,"Palau d'esports l'illa de Benidorm",
179260,GB,Drygate,
179833,IT,Under The Grand Chapiteau,
180049,NL,Het Mortelveld,
180473,ES,Pista de patinaje Madrid Rio,
180567,HU,MÁV Zenekar Próbaterem,
180627,ES,Skyfall Cocktail Club,
180883,NL,Eindhoven Concertzaal,
180945,CA,Soubois ,
180966,ES,Articus,
180992,BE,Hall Ceva,
180995,UY,Casa Mar ,
181034,GB,The Market Place,
181308,IE,North Wall Quay,
181383,NL,Pre-Reserved,
181389,NL,Freaky Piano Bar,
181419,GB,Basting house,
181427,NL,Wintercircus Hilversum,
181466,ES,Teatro Salesianos Santander ,
181492,HU,Pécsváradi Művelődési Központ,
181496,IT,Teatro Politeama,
181515,US,Greenwich House Theater,
181522,ES,Sala Jagger,
181531,GB,Loki,
181561,AU,Sydney Masonic Centre,
181611,ES,Sala-Museo Clan-Destino,
181700,NL,Helicopter,
181755,DE,Ballsporthalle,
181785,US,The Stanley hotel ,
181860,NL,Waalse Kerk Den Haag,
181962,DE,The Social Hub Berlin,
182024,NL,"Club Smithy's Palace",
182058,US,Colony,
182082,BE,Rio Club,
182084,ES," Jardines de Viveros - Carrer de Cavanilles, 1, ",
182092,SE,Arena Artica,
182174,NL,Elsom Reusel,
182290,IT,teatro secci,
182305,ES,Carpa Oeste,
182493,NL,Speelweide,
182670,NL,CT Oss,
185675,US,Golden Theatre,
186862,ES,Marmarela,
187490,ES,La daurada,
195026,BE,Gildenhuis,
195322,ES,Sala Sidecar,
196712,ES,Fundación mediterraneo,
3833,FR,Le Rocher de Palmer,Cenon
17616,NL,De Hofnar Aalten,
27209,NO,USF Verftet,
91632,AU,Ivy,
140275,NL,contactweg 68,
163015,DE,Freiheitshalle,
169195,BE,Plein Publiek Brussels,
178206,DE,Altes Postlager,
183353,IT,Teatro Diana,
194399,CH,Kraftwerk,
100088,NL,De Roode Leeuw,
157742,NL,Dominicuskerk,
180645,AD,GRANDVALIRA (PARKING EL CUBIL),
180321,IT,Teatro Nazionale CheBanca ,
160434,NL,Brouwerij Frontaal,
32436,GB,"Belgrade Theatre, Coventry",
138544,SE,Nöjesfabriken,
197657,BE,den dreef vorselaar,
170166,BE,Cultuurcentrum Evergem,
19711,GB,"St David's Hall",
3569,DE,Hanns-Martin-Schleyer-Halle,Stuttgart
16440,HU,Expresszó,
2137,NL,Theater Warenar,Wassenaar
83448,GB,Bolton Albert Halls,
149371,BE,Le Lac ,
150501,AU,Roundhouse,
182756,NL,The Oyster Club,
188141,NL,Sexyland World,
19719,GB,Royal & Derngate,
13295,PT,Coliseu do Porto,
5897,NL,De klinker,Winschoten
156801,AU,Ivy Pool Bar Sydney,
159704,SE,Hotel Rival,
172108,NL,De Meern,
22145,NL,Club Dauphine,
43873,GB,Manchester Central Convention Complex,
16215,GB,The Arch,
181712,IE,Hotel Doolin,
179787,GB,Greenworks,
2248,NL,Energiehuis,Dordrecht
11739,NL,Munttheater,
181908,NL,Another test venue,
28564,US,Great American Music Hall,
7339,NL,Oosterhout,Oosterhout
200204,BE,Cultuurhuis EMotia,
17068,NO,Folketeateret,
32380,DE,Starlight Express Theater,
168788,ES,Twenties,
48807,RO,Arenele Romane,
119111,SE,Kungliga Operan,
152430,AT,MBG Metastadt,
171433,ES,Plaza de toros de la Maestranza,
201391,NL,Farm in Diemen,
182144,DK,Kargo Bar & Club,
28287,ES,LAB Madrid,
10761,NL,Westerkerk,
16026,IT,Auditorium San Fedele,
24736,BE,Kunstencentrum Nona,
20125,GB,Queen Margarets Union,
20545,GB,Leeds Beckett Students Union,
26123,BE,Cultuurcentrum De Grote Post,
106574,BE,Centre Culturel de Woluwe-Saint-Pierre,
100078,NL,Nr.7even,
162836,ES,Almeria Teatre,
148163,GB,Westpoint Exeter,
145103,ES,Estación de Chamartín,
184809,ES,Sala El Sol,
178241,NL,De Schietclub,
199719,DE,Club Nachtflug Köln,
179089,BE,Dilbeek,
25436,GB,The Orchard Theatre,
105,NL,Huize Maas,Groningen
238,NL,Evenementenhal Gorinchem,Gorinchem
1211,BE,Spirito Brussels,Brussels
16874,HU,Hangvilla,
16639,GB,Liverpool Olympia,
14094,NL,Westlandtheater De Naald,
21068,DE,Groove Station,
40206,SE,Göteborgs Konserthus,
19798,GB,The Joiners,
31870,BE,Eden | Centre Culturel Régional De Charleroi,
9092,DE,Technikum,
22993,ES,Gran Teatre del Liceu,
11208,DE,Velodrom,
18535,ES,Sala X,
15971,BE,Rockerill,
16866,HU,Fezen Klub,
16124,HU,Pécsi Est,
19701,GB,De Montfort Hall,
31955,BE,Le Delta,
23009,ES,Teatro Principal Vitoria,
38585,BE,Futur,
38300,GB,Williamson Tunnels,
60945,CH,Viertel _Klub,
49081,HU,Budapesti Bábszínház,
79679,CH,Plaza Klub Zürich,
113254,CA,Théâtre Fairmount,
85656,GB,The Emporium - Coalville,
119002,CH,Théâtre du Léman,
119090,NL,Partycentrum Wijnand van Delft,
140252,BE,Stelplaats,
149455,GB,Gillian Lynne Theatre,
134796,HU,Turay Ida Színház,
156654,ES,Aquitania Teatre,
133653,NZ,Spark Arena,
144177,ES,Sala Mon Live,
149216,ES,Auditorio El Batel,
169890,NL,DS party- en eventcenter,
177142,DE,Roof 175,
178366,DE,Bellini,
195604,DE,Capitol Theater Düsseldorf ,
185526,CZ,Státní opera,
201975,ES,Palacio de los deportes,
183559,NL,Strand Noord 1,
184972,GB,The Lower Third,
32303,BE,Kasteel van Groot - Bijgaarden,
14143,IT,Arena del Mare,
566,NL,Club Champino,Drachten
9687,NL,Leeuwarden,
8617,DE,Sputnikhalle,
14564,CZ,Lucerna Velký sál,
25115,IE,The Sugar Club,
12709,GB,The Lexington,
132,NL,Ocean Diva Amsterdam,Amsterdam
451,NL,Het Klooster,Waalre
485,BE,De Mast,Torhout
761,NL,Club Sir Winston,Rijswijk
848,NL,BeachLine Beach,"'s-Gravenzande"
1250,BE,Cherrymoon,Lokeren
1431,NL,RDM Onderzeebootloods,Rotterdam
1658,NL,De Kroon,Amsterdam
1765,NL,Akhnaton,Amsterdam
2055,NL,Studio 21,Hilversum
2815,FR,Krakatoa,Mérignac
3600,NL,Lucent Danstheater,Den Haag
4100,FR,Comédie-Française,Paris
5308,DE,MS Connexion Complex,Mannheim
5880,NL,Domtoren,Utrecht
6025,NL,Pathé Schouwburgplein,Rotterdam
6221,NL,Beurs van Berlage,Amsterdam
6266,NL,Nieuwe Meer,Amsterdam
7547,NL,Tapperij de Beurs,Schijndel
7817,NL,The Rainbow,
8657,RS,"Novi Sad, Vojvodina",
10127,BE,The Grand Chapiteau,
10332,NL,Haarrijnseplas,
12620,NL,Amstelkerk,
13776,IT,Campovolo,
14434,FR,"Les Vivres de l'Art",
15089,DK,CASA Arena,
15834,NL,Markt,
15845,DE,Schlachtof Wiesbaden,
16397,NL,Kaatsheuvel,
17380,AU,Allianz Stadium,
17524,BE,Cultuurcentrum Belgica,
17618,CH,Schatzalp,
17672,ES,Family Club Oficial,
17747,GB,The Vaults,
17936,DE,Audi Dome,
18194,DE,Sea You Festival,
18311,BG,Arena Armeec,
18385,NL,Dot,
18533,MX,Zamna,
19665,ES,Palacio de los Deportes de La Rioja,
19677,CA,National Arts Centre/Centre national des Arts,
19780,GB,The Corn Exchange,
19802,GB,The Apex,
20082,BE,Shopping Stadsfeestzaal,
20209,NL,Edesche Concertzaal,
20700,NL,Brikke Oave,
20742,GB,Waterfront Hall Belfast,
21007,IE,Ballinlough Castle,
22125,NL,Karnaval Festival,
22286,US,Vulcan Gas Company,
22834,IT,Stadium Rimini,
22961,SE,Ullevi Stadium,
23806,US,Halcyon SF,
23965,BE,Fantasia Festival,
24055,US,Avalon Hollywood,
24156,CH,Zukunft,
24421,DK,Aarhus,
24935,CA,New City Gas,
25020,NL,Kinepolis,
25741,DE,Stadthalle Gersthofen,
26560,NL,Stelling,
27700,ES,Centro De Congresos,
27735,ES,Javea,
28160,US,Marquee New York,
28366,GB,"Y Not Festival, Pikehall",
28895,DE,Forum am Schlosspark,
30281,GB,Westpoint Arena,
30533,ES,"Pamplona, Spain",
31780,FR,"River's King",
37453,HU,"Siófok, Hungary",
37497,HU,Rába Part Sport- és Szabadidőcentrum,
42251,IT,Arcadia Cinema,
49795,FR,"Mains d'Œuvres",
50287,SE,Livrustkammaren,
55845,GB,Kings Place,
61193,ES,Teatro Cervantes,
62359,NO,Sentralen,
63739,NL,Broekdijk 6,
66557,SE,Stockholm Live,
66702,IE,Wigwam,
67007,BE,Spikkerelle Avelgem,
67730,SE,Löfbergs Arena,
71658,US,The Glass Factory,
76030,GB,Theatre Severn,
76708,IT,"Piazza Plebiscito, Napoli",
78537,CH,Stade de Genève,
82364,PT,Teatro Sá da Bandeira,
88296,CW,Jan Thiel Beach,
89021,GB,Glenavon Cookstown,
89174,DE,St. Pauli Theater,
91161,GB,meraki,
93048,PL,Arena Gdynia,
93308,ES,Sala Tirso,
106618,BE,Abdij Keizersberg,
107762,NL,Dans- en Partycentrum Rouwhorst,
113519,DE,Wilde Möhre Festival,
115778,NL,Veerkwartier,
116474,NL,De Kargadoor,
118593,DE,Residenz München,
118596,GB,"St. James's Church, 197 Piccadilly",
119297,BE,Bocholt,
123432,NL,CineCity,
123540,HU,Tárogató Úti Színpad,
132679,DE,Die Glocke,
132887,SE,Sundsvalls Teater,
134204,LV,Mežaparka Lielā estrāde,
134750,NL,Fletcher Hotel-Restaurant Heiloo,
137480,NL,Cafe Restaurant De Oranjeboom,
137732,GB,Studio 9294,
140457,AU,Arts Centre Melbourne,
142811,NL,Sugar Factory,
143413,GB,Sky Garden,
143813,CZ,Epic,
146580,GB,The Psychedelic Society,
147592,BE,Fenix,
147943,HU,MagNet Közösségi Ház,
148065,IT,Südtirol Arena Alto Adige,
148102,ES,Carballeira de Caldas de Reis,
148270,AU,Sydney Cricket Ground,
148489,BE,Moose Bar Antwerpen,
148801,DE,Zurück zu den Wurzeln Festival,
148959,US,Swedish American Hall,
149844,NL,Uilenburgersjoel,
150256,ES,Evenia Olympic Resort,
151377,GB,"St Georges Hall, Bradford",
151382,US,xs nightclub,
152279,ES,Bosque Multicines ,
152611,GB,"Sleddale Hall, Shap, Cumbria",
152710,GB," The Wyldes , Bude, Cornwall",
153302,AU,The Domain,
154114,BE,Onder Stroom,
154421,AU,Giants Stadium,
155198,IT,Duel Beat,
155351,DE,Café Theater Schalotte,
156710,NL,Grande Theatre,
157452,BE,VK vaartkapoen,
157791,DE,headCRASH,
157854,NL,Koningsplein,
157913,NZ,Trustpower Stadium,
158313,GB,Theatre Royal,
159099,AU,Torquay Common,
159215,NL," Rhederlaag, Lathum",
159455,NL,Schouwburg Grote Zaal,
160017,NL,"'t Kruikenplein",
160544,ES,SanSan Festival,
161913,BE,De Warande ,
162267,ES,Muelle 12,
163232,ES,Teatro Isabel la Católica,
164242,NL,Oostkust,
165216,ES,Festival Portaferrada,
166816,ES,Velódromo de Anoeta,
166865,GB,A secret location (TBC),
167822,BE,OC Djoelen ,
168210,NL,HQ Basement,
168344,NL,De Klok Horeca,
168916,BR,Laroc Club,
169152,SE,Malmö Opera,
169590,HU,ENTER,
169609,GB,The Exchange,
171158,ES,Les Enfants Brillants,
171677,HU,Újszínház,
171962,ES,Palacio de la Magdalena,
173513,NL,Zeilbergseweg,
174042,ES,Teatro Coliseum,
174231,ES,Poliesportiu Mateu Cañellas,
174946,CH,Samigo Amusement ,
175035,NL,De Nieuwe Kerk,
175864,BE,Lovendegem,
176034,NO,Midgard Viking Centre,
176048,GB,New Century,
176205,NL,Taets Art Gallery,
176341,GB,Cardross Estate,
176405,IT,Parco Urbano Bassani,
176406,IT,Autodromo Nazionale - Prato della Gerascia,
177564,NL,"Sissi's Expo-Resto",
23652,SE,Partille Arena,
14488,NL,Hilvarenbeek,
38903,FR,La Station - Gare des Mines,
17415,HU,Fővárosi Nagycirkusz,
20882,HU,Uránia Nemzeti Filmszínház,
11321,SE,Södra Teatern,
13557,BE,WEX,
17722,GB,Dreamland,
14689,ES,Sala Upload,
1407,DE,Kesselhaus und Maschinenhaus (Kulturbrauerei),Berlin
32705,GB,Indigo at the O2,
37490,HU,Paloznaki Jazzpiknik,
30,NL,Doka,Amsterdam
1141,NL,De Avenue,Breda
78,NL,Air Amsterdam,Amsterdam
1600,NL,Ruigoord,Amsterdam
5462,DE,Muffatwerk / Muffathalle,München
11371,NL,De Lieve Vrouw,
3356,NL,Karpendonkse Plas,Eindhoven
23629,HU,Roxxy Music,
23713,DE,Lokschuppen Bielefeld,
25071,GB,Lyric Theatre,
30965,GB,DEPOT,
20812,NL,Skatecafe,
17207,IT,Teatro Sistina,
3541,DE,Club Gretchen,Berlin
17373,GB,Shaftesbury Theatre,
11814,NL,Podium Hoge Woerd,
22173,BE,De Kreun,
12913,NL,Kantine Walhalla,
8557,GB,Union Chapel,
12498,PL,B90,
18622,GB,TramShed Cardiff,
643,DE,Revierpark Wischlingen,Dortmund
14,NL,Escape,Amsterdam
64,NL,PIP,The Hague
99,NL,GelreDome,Arnhem
149,NL,Metropool Hengelo,Hengelo
195,NL,Recreatieplas Strijkviertel,Utrecht
2254,NL,World Forum Theater,The Hague
1068,NL,Merleyn,Nijmegen
1467,BE,Kavka Oudaan,Antwerp
1492,NL,Zuiderpark,Rotterdam
1508,NL,Chassé Theater,Breda
1695,NL,Westerpark,Amsterdam
2003,NL,Spant!,Bussum
2027,NL,Leidse Schouwburg,Leiden
2250,DE,Lido Berlin,Berlin
2301,NL,LantarenVenster,Rotterdam
208,BE,Ancienne Belgique,Brussels
13300,FR,Collias,
6475,DE,World club dome,Frankfurt
31942,BE,"Théâtre de la Toison d'Or",
12526,BE,Den Egger,
14659,ES,INPUT High Fidelity Dance Club,
23787,HU,Bridge Hallgatói és Oktatói Klub,
27771,GB,Catton Hall,
19863,GB,Grand Opera House York,
17429,DE,Nachtleben Frankfurt,
5833,NL,Recycle Lounge Gallery Club,Amsterdam
3585,NL,Utrecht,Utrecht
5344,GB,O2 Institute Birmingham,Birmingham
8775,NL,V11,
10050,BE,De Studio,
16067,IT,Nelson Mandela Forum,
22581,CH,Hallenstadion,
10484,DE,Z-Bau,
18518,DE,JunkYard,
21845,GB,SEC Armadillo,
29414,ES,Gran Canaria Arena,
12765,ES,Estadio Mestalla,
17236,IT,Gran Teatro Geox,
12023,GB,First Direct Arena,
19083,DE,SO36,
6625,DE,Aladin Music Hall,Bremen
6672,DE,Ampere Munich,Munich
14152,IT,Ippodromo delle Capannelle,
17040,NL,Arnhem,
23738,HU,Nagyerdei Víztorony,
27183,NL,Scheveningen,
11705,DE,Volksparkstadion,
13184,NL,Breepark,
16149,CZ,Palác Akropolis,
16545,NL,Goffertstadion,
27068,BE,De Warande Turnhout,
2320,DE,Docks,Hamburg
2816,FR,Stereolux,Nantes
2979,NL,Cabrio Openluchttheater,Soest
3216,DE,Gloria Theater,Köln
3310,DE,Schlachthof Wiesbaden,Wiesbaden
3732,BE,Antwerpen,Antwerp
5277,NL,Theater De Lampegiet,Veenendaal
5386,NL,Paradigm,Groningen
5652,NL,Scheldetheater,Terneuzen
6332,IE,3Arena,Dublin
6648,GB,O2 Apollo Manchester,Manchester
7079,BE,Festivalpark Dessel,Dessel
8821,LU,Philharmonie Luxembourg,
9179,BE,Le Forum de Liège,
10539,DE,Barclays Arena,
10571,GB,Barbican Centre,
10633,GB,Troxy,
11316,SE,Malmö Arena,
11318,SE,Debaser Strand,
12537,HR,The Garden,
13200,NL,Veerplas,
13321,GB,Boston Manor Park,
13635,FR,Café de la Danse,
13736,BE,Ha Concerts,
13853,NL,Complex,
13940,IE,3Olympia Theatre,
14073,IT,Unipol Arena,
14639,HU,Budapest Park,
14640,HU,Dürer Kert,
14644,HU,Papp László Budapest SportAréna,
15707,CZ,Roxy Prague,
15952,ES,WiZink Center,
16447,HU,Budapesti Operettszínház,
16483,HU,Játékszín,
16554,HU,Pesti Színház,
17367,DK,DR Koncerthuset,
17739,IT,Estragon,
17751,HU,Várkert Bazár,
18727,CH,X-TRA,
18849,ES,Sala Capitol,
19687,ES,Palau de la Música Catalana,
19703,GB,Plymouth Pavilions,
19749,GB,SWX Bristol,
19873,GB,Cambridge Junction,
20949,DE,FZW,
21428,CZ,Kongresové centrum Praha,
21629,NL,De Ven,
23616,ES,Auditorio Miguel Ríos,
23646,CZ,"Hradec Králové, Czech Republic",
24410,NL,Beachclub Fuel,
24732,ES,Torre del Mar  ,
26704,SE,Fasching,
29914,NL,Zuiderparktheater,
29918,BE,Mark Liebrecht Schouwburg,
2987,GB,The O2 Arena,London
3723,DE,Admiralspalast,Berlin
17110,ES,Sala Santana  27,
23224,DE,Gotec Club,
6297,AT,Arena Wien,Wien
2589,NL,De Pettelaarse Schans,"'s-Hertogenbosch"
40169,SE,Huskvarna Folkets Park,
44107,GB,The Craufurd Arms (Live Music Venue),
27030,SE,Cirkus Arena & Restaurang,
1163,NL,Stadsschouwburg Utrecht,Utrecht
2258,DE,Stadtpark Freilichtbühne,Hamburg
31118,ES,Villarobledo,
19696,GB,Liverpool Philharmonic Hall,
47940,BE,Het Entrepot,
55451,ES,Teatro de la Laboral,
68966,NL,Chin Chin Club,
58395,BE,Theater Elckerlyc,
63948,GB,Tate Modern,
68598,AU,Hordern Pavilion,
72642,ES,La Nueva Cubierta de Leganés,
80847,DE,Frankfurt am Main,
75993,PT,Estádio da Luz,
83479,BE,Bosuilstadion,
113666,ES,Trui Teatre,
91373,AU,Brisbane Showgrounds,
107754,NL,Rodahal Kerkrade,
100678,BE,CC De Brouckere Torhout,
100632,BE,CC De Steenoven,
87711,GB,The LCR UEA,
88117,DE,Kantine am Berghain,
88333,PL,COS Torwar,
98089,BE,Toneelhuis - Olympique Dramatique,
101075,NL,Soia - Strand Oog In Al,
116388,GB,Stamford Bridge,
111351,BE,Gent,
180863,BE,Plopsaqua,
180904,GB,The Lost Estate,
180915,NL,Jongerencentrum De Zon,
180988,MC,ESPACE FONTVIEILLE ,
181020,NL,WOD by Culture Club ,
181024,NL,The New Block,
181276,GB,Dopamine Land: A Multisensory Experience,
181445,DE,Sparkassen-Arena,
181468,BE,Sporthal Scherpenstein,
181483,NL,Noordduinen,
181491,DE,Knust Gastronomie Betriebs GmbH,
181506,IT,Il Garibaldi,
181533,DE,Zweifachsporthalle Billerbeck ,
181551,NL,Looxs,
181564,NL,Bar Down Town,
181605,NL,Dr. Mansholtpark,
181635,IT,Teatro Il Momento,
181664,BE,Stadion Dôme,
181696,GB,The Street Yard,
181710,NL,"Sportcomplex ""de Beemd""",
181719,DE,tectake ARENA,
181730,NL,Heidurp,
181740,NL,De Roerhal,
181747,IT,The Space Cinema,
181819,ES,Huerta del Rasillo,
181837,CZ,Divadlo na Vinohradech,
181847,BE,Schouwburg,
181915,BR,Laroc Club Guarujá,
181977,PT,Cineteatro Curvo Semedo,
181980,BE,Jeugdklub Paddestoel (Groot-Bijgaarden),
182011,NL,Huis van Burgh,
182050,CA,"Melissa's Misteak",
182202,NL,Soulboat,
182207,BR,Praça das Artes,
182247,NL,IJsportcentrum Tilburg,
182286,NL,Happyhappyjoyjoy,
182365,NL,"RGB Bar Eindhoven, Stratumseind 34",
182386,IT,Arena della Vittoria,
182392,IT,Arena Estiva Fiera,
182417,ES,Auditorio Internacional de Torrevieja,
182465,BE,La petite centrale,
182545,NL,Grand cafe,
182592,GB,Project Loughborough,
182619,BA,ZETRA - Juan A. Samaranch,
182639,NL,Het Wapen van Beckum,
182657,ES,Kaf Café,
182853,AT,Urfahrmarkt,
183475,NL,The Loods H.O.F,
183756,SE,The terminal,
193075,ES,teatro borrás ,
197579,IT,CENACOLO VINCIANO,
198245,ES,port vell,
198639,NL,"Theater 't Spieker",
200974,CH,Club Supermarket,
1453,DE,Robert Johnson,Offenbach
8893,GB,Somerset House,
147925,NL,De Vooruitgang,
167778,GB,Leeds,
27898,SE,Sparbanken Skåne Arena,
140631,AU,State Theatre,
91052,AU,Civic Theatre Newcastle,
10527,NL,Naturalis,
25695,GB,Fox and Firkin,
15598,IT,Auditorium Conciliazione,
25094,ES,Conde Duque,
146459,SG,The Star Theatre,
1440,DE,Neuraum,Munich
32318,GB,Yellow Arch Studios,
20322,ES,Sala El Tren,
2310,DE,SchwuZ,Berlin
1846,NL,Zaal Dijk,Lemele
162731,GB,Marshall Arena,
158621,NL,Fletcher Landgoed Hotel Ellecom,
178742,NL,Sporthal De heuf,
134994,DE,Cinedom,
14154,GB,The Dome,
136112,CA,Toronto,
139041,BE,Manège de la Caserne Fonck,
18915,AT,Helmut-list-halle,
20999,GB,The Belfast Empire,
19700,GB,Ipswich Regent,
94299,BE,De Klinker Club,
18516,DE,Blue Shell,
12549,IT,Circolo Magnolia,
11584,DE,Saturn-Arena,
101088,NL,Attractie- & Vakantiepark Slagharen,
139787,FR,Domaine de Nodris,
173429,NO,Stavanger Konserthus,
134810,ES,Naves Matadero,
172457,NL,Barkade,
181382,NL,De Beurs,
24386,DE,Europahalle Trier,
19541,CA,Velvet Underground,
18927,NL,Weert,
23428,CZ,Rock Café Prague,
137064,SE,Folkets Park,
155066,IT,Tuscany Hall,
32752,SE,Stockholm Waterfront,
19912,HU,BOK Csarnok,
12066,NL,Orangerie,
2756,FR,Accor Arena,Paris
1507,NL,Club Nouvelle,Amstelveen
18701,GB,Ormeau Park,
158593,BE,CC leietheater,
166739,PT,"Cineteatro Capitólio, ",
149558,DE,Schauspiel Köln,
158831,NL,Dordrecht,
159576,BE,A.M. Club,
159709,ES,Sala Blanca (LAVA),
184046,NL,"A'DAM & Co – A'DAM Toren",
91623,AU,The Brightside,
19706,GB,York Barbican,
22696,DK,Forum Copenhagen,
11687,DE,Kampnagel,
8491,SE,Dalhalla,
5630,DE,Haus Auensee Leipzig,Leipzig
13318,GB,Camp and Furnace,
15634,BE,Plopsaqua,
24677,SE,Stadion,
15900,GB,O2 Academy Bournemouth,
11329,SE,Malmö Live Konserthus,
11592,DE,CTM Festival,
30805,NL,Sporthallen Zuid Amsterdam,
1295,NL,De Cammeleur,Dongen
13347,GB,Phonox,
2647,FR,Rock School Barbey,Bordeaux
17693,NL,Hoogwoud,
2151,NL,Silverdome,Zoetermeer
9770,DE,Kölner Philharmonie,
13722,NL,Theater de Bussel,
31034,GB,Colours Hoxton,
26302,DE,Säälchen,
8864,DE,Alte Oper,
17101,BE,De Singer,
22203,NL,Theater Geert Teis,
59262,NL,Spoorpark Tilburg,
93187,SE,Bravida Arena,
169657,AE,Coca-Cola Arena,
148864,ES,Teatro Romea,
157626,NL,Ledeltheater,
142604,NL,De Lantaarn,
175677,GB,The Horn,
149287,GB,YES,
152973,SE,Hus 7,
168965,ES,Plaza de Toros Cubierta,
181150,BE,Reset,
179063,DE,Bogen2,
195761,NL,Plopsa Indoor Coevorden,
199686,CH,Alte Kaserne,
200034,ES,Sala círculo del Arte,
15807,PL,EXPO XXI,
12052,GB,O2 Academy Leicester,
19505,CA,The Danforth Music Hall,
6895,NO,Bystranda,Kristiansand
17189,GB,The Source Bar,
1427,BE,Stadsfeestzaal Aarschot,Aarschot
15050,GB,O2 Academy Liverpool,
22997,ES,Riojaforum,
28592,DE,SAP Arena,
15040,EE,Tallinna Lauluväljak,
20206,AT,Viper Room,
16451,GB,O2 Academy Leeds,
23004,ES,Auditorio Alfredo Kraus,
20549,ES,Estadio El Sadar,
25433,GB,New Victoria Theatre,
22335,GB,The Classic Grand,
25388,IE,Cork Opera House,
1373,NL,Beachclub Royal,Hook of Holland
7555,IE,The Academy,Dublin
14331,GB,Royal Opera House,
16408,AT,FLEX,
15372,DE,Zeche Carl,
683,NL,MECC Maastricht,Maastricht
363,NL,P79,"'s-Hertogenbosch"
1168,NL,Strijp-S,Eindhoven
12499,PL,ERGO Arena,
14078,GB,Hyde Park,
27740,GB,"King's Theatre Glasgow",
1515,NL,Van Nelle Fabriek,Rotterdam
113566,SE,Slaktkyrkan,
115285,NL,De Kom,
154962,ES,Loco Club,
133777,BE,CC De Warandepoort,
147143,GB,Leeds Grand Theatre,
161122,NL,Forum Groningen,
164984,SE,Avicii Arena,
138998,HU,Supersonic - Blue Hell & KVLT,
126310,HU,Szegedi Szabadtéri Játékok,
134778,NL,Recreatiegebied Zeumeren,
119227,GB,Noël Coward Theatre,
158273,NL,Mediapark Hilversum,
148361,SE,Gothenburg Film Studios,
148559,ES,Nazca Music Live,
170439,BE,La Demence,
153482,ES,The Garage of The Bass Valley,
154940,BE,Aqualibi,
146821,NL,Corneel,
134491,ES,Repvblicca,
141275,CH,Komplex Klub 457,
141059,PT,Estádio do Dragão,
157956,FI,Olympic Stadium,
135235,ES,Palau Olímpic de Badalona,
145585,SE,Konserthuset Stockholm,
151653,GB,Bristol,
123367,NL,Oosterhout LIVE,
123415,NL,Fort bij Vechten,
135461,GB,The Stoller Hall,
136767,NO,Oslo,
138327,GB,Vaudeville Theatre,
146726,NL,Poppodium Nieuwe Nor,
148101,NL,Bospop,
149140,BE,W:Halll,
150162,NL,Weelde,
150202,ES,Ciudad de las Artes y las Ciencias,
153319,NL,Club Reverse,
153252,IT,Stadio Olimpico,
168573,BE,CC Muze,
168412,GB,P&J Live ,
167625,ES,Plaza de España,
169950,NL,Comedy Café,
168328,NL,Kiki,
171268,HU,Pick Aréna,
159701,BE,CCHA / Cultuurcentrum Hasselt,
161819,BE,Cactus Muziekcentrum,
162044,ES,Sala Impala,
163095,NL,Julianapark ,
166407,GB,Blackstone Street Warehouse,
167086,NL,Hemkade 48,
168325,GB,Piccadilly theatre  ,
169122,HU,Magyar Zene Háza,
169726,ES,Multiespacio Rabasa,
170183,NL,The Other Side,
172392,ES,Sala La Paqui (Antigua But),
172575,ES,Montmeló,
169695,BE,gare maritime tours & taxi,
183670,BE,Théatre Le Public,
194562,GB,BFI IMAX,
179591,BE,De Klap,
193515,HU,MIXÁT Dumaklub,
180313,ES,Teatro Príncipe Gran Vía,
181558,NL,Streams Breede Beek,
175693,ES,Autocine Metrovacesa Málaga,
181233,GB,Hot Water Comedy Club,
179763,ES,Auditorio Nissan Cartuja,
180041,IT,Ippodromo SNAI La Maura,
181455,HU,Savoyai-kastélypark,
179798,ES,Oasis Club Teatro,
177446,ES,Auditorio Palacio De Congresos Mar De Vigo,
175909,NL,De Meenthe,
196807,BE,La Sucrerie,
193661,PL,Progresja,
196171,NL,PLT - Theater Heerlen,
198709,DE,Festhalle Frankfurt,
198840,ES,Palacio Municipal de IFEMA MADRID,
5909,NL,Theater Piet Mondriaan,Abcoude
19820,GB,Hall for Cornwall,
19071,GB,Boiler Shop,
9020,BE,Liers Cultuurcentrum,
9024,BE,CC Strombeek,
6692,DE,Täubchenthal,Leipzig
18068,HU,Instant-Fogas Komplexum,
14947,GB,Royal Festival Hall,
5333,NL,De Kring,Roosendaal
101,NL,Simplon,Groningen
97,NL,Beachclub Sunrise,Best
874,NL,Het Bolwerk,Sneek
25,NL,Panama Amsterdam,Amsterdam
35,NL,De Helling,Utrecht
56,NL,AFAS Live,Amsterdam
113,NL,Park Transwijk,Utrecht
127,BE,Antwerps Sportpaleis,Antwerp
133,NL,Rotterdam Ahoy,Rotterdam
167,NL,Stadspark,Groningen
174,NL,Megaland,Landgraaf
357,BE,TRIX,Antwerp
786,NL,"dB's",Utrecht
908,NL,De Bonte Wever,Assen
1626,NL,RAI Amsterdam,Amsterdam
1646,NL,Woodstock 69,Bloemendaal
2000,NL,AFAS Circustheater,Den Haag
2009,BE,De Roma,Antwerp
2135,NL,Beatrix Theater,Utrecht
16126,HU,Kodály Központ,
12995,ES,Escenario Santander,
17265,GB,Omeara,
14359,NL,Atlas Theater,
12184,DK,Falconer Salen,
7187,GB,Joshua Brooks,Manchester
21464,DE,Capitol Mannheim,
12747,DK,Pumpehuset,
2529,NL,P6 Terrein,Heerenveen
7480,NL,Scheepvaartmuseum,Amsterdam
18709,DE,halle02,
20512,NL,Oosterbar,
6069,GB,Dominion Theatre,London
3012,NL,Verkadefabriek,"'s Hertogenbosch"
11991,ES,Sant Jordi Club,
18647,ES,Teatro Circo Price,
2725,FR,Le Petit Salon,Lyon
2995,NL,Artis Dierentuin,Amsterdam
3278,NL,Hellendoorn,Hellendoorn
3358,NL,Den Bosch,Brabant-le-Roi
3522,NL,Schouwburg Kunstmin,Dordrecht
5334,GB,The London Palladium,London
5346,NL,Poppodium Grenswerk,Venlo
5437,GB,Rock City,Nottingham
6073,GB,XOYO,London
6120,NL,Theater De Lievekamp,Oss
6211,NL,Zuiderpark,Den Haag
6237,NL,Breda International Airport,Breda
6296,AT,Planet TT Halle im Gasometer,Wien
8081,BE,Bozar,
9466,GB,Utilita Arena Birmingham,
9772,BE,Jan Breydelstadion,
10511,GB,E1,
11323,SE,"Trädgår'n",
11976,GB,"O2 Shepherd's Bush Empire",
12112,FI,Musiikkitalo,
12180,DE,Allianz Arena,
12655,NL,Zwolse Theater,
12762,BE,Wolubilis,
12778,NL,De Kleine Willem,
13025,DE,Elektroküche / Essigfabrik,
13857,NL,Anne Frank Huis,
14857,ES,Sonorama Ribera,
15149,NL,Moco Museum,
15163,BE,Geel,
15191,GB,Edinburgh Playhouse,
15406,CZ,Prague,
15409,GB,Utilita Arena / Motorpoint Arena Cardiff,
15956,NL,Neushoorn,
16445,HU,Vígszínház,
16446,HU,Madách Színház,
17612,NL,Efteling,
17648,GB,The Underworld Camden,
17963,NL,Maassilo,
18039,HU,Kolorádó,
18862,ES,Kafe Antzokia,
19618,BE,Forest National | Vorst Nationaal,
19693,ES,Sala Changó Live,
19735,GB,Cambridge Corn Exchange,
19794,AU,Rod Laver Arena,
20575,SE,China Teatern,
20986,NL,Theater de Meervaart,
21160,IT,Kioene Arena,
21571,ES,Estadio Olímpico de la Cartuja,
21621,ES,Teatro Cofidis Alcázar,
21659,ES,Estación de Rivas Vaciamadrid,
23559,HU,IH Rendezvényközpont,
26361,ES,Espacio Vias,
26593,ES,Teatro Calderón,
26635,ES,Teatro Rialto,
27083,ES,Plaza de Toros Los Califas,
27743,GB,Barrowland Ballroom,
29713,MC,Monaco,
31165,NL,Theater De Maagd,
31549,PT,Crato,
14643,HU,Müpa,
22668,DE,Southside Festival,
14234,BE,Fakkeltheater,
39513,CZ,MeetFactory,
38662,BE,Waagnatie Expo & Events,
44039,NL,Cinetol,
42469,IT,Teatro alla Scala,
14675,ES,Teatre Coliseum,
395,NL,Lux Theater,Nijmegen
1628,NL,Het Concertgebouw Amsterdam,Amsterdam
10233,DE,Im Wizemann,
49554,BE,Sphinx Cinema,
57761,DE,Flugplatz Tutow ,
64989,NL,Musis & Stadstheater,
45418,ES,Malaga,
76096,NL,Theater de Speeldoos,
58435,ES,Coliseum da Coruña,
50955,NL,Podium Grounds,
60954,BE,Kortrijk,
58075,NL,Schouwburg Odeon,
59308,GB,London,
48446,GB,Eventim Apollo,
50133,BE,Théâtre de Poche,
55526,GB,National Theatre,
56400,GB,London Coliseum,
66624,IE,Index,
65021,NL,Zwarte Cross,
52253,DE,Helios37,
67165,DE,Die Rakete,
80982,NL,Schouwburg Hengelo,
78764,BE,Salle Philharmonique de Liège,
76116,NL,Theater de Kampanje,
76091,NL,Schouwburg Cuijk,
76121,NL,De Goudse Schouwburg,
76138,ES,Bizkaia Arena BEC,
77065,BE,Studio Citygate,
77323,ES,Auditorio Nacional de Música,
100167,GB,Ashton Gate Stadium Bristol,
101070,NL,Azijnfabriek 2.0,
111621,NL,Groene Engel,
93163,NL,Brebl,
99996,NL,Garage Noord,
100627,NL,Theater De Leest,
92112,AU,Flemington Racecourse,
115960,CH,Alhambra Genève,
109752,BE,Opéra Royal de Wallonie-Liège,
115690,BE,CC Sint Niklaas,
113686,SE,Fryshuset Stockholm,
164400,GB,THÊ DEPØ VENUE,
149909,NL,De Lasloods,
132852,BE,GC De Melkerij,
147475,GB,New Wimbledon Theatre,
136410,CA,Bass Coast,
126757,ES,Auditorio Víctor Villegas,
123551,BE,Brussels ,
123663,ES,Vilalba,
135344,ES,La Sagrada Familia,
136804,ES,Ultraclub Millennium,
140074,GB,Lab11,
144891,DE,Verti Music Hall,
146466,NL,Radio Radio,
146929,BE,Plopsaland de Panne,
146944,PT,NOS Alive,
147204,NL,MOB Complex,
147629,GB,O2 Victoria Warehouse,
152277,NL,Comedy Club Haug,
152280,FR,Eurockéennes de Belfort,
158507,NL,Oude Luxor Theater,
142427,NL,Kunstlinie Almere Flevoland - KAF,
159909,DE,Bahnhof Pauli,
169107,ES,Palacio de Congresos,
169644,NL,Parallel,
170605,HU,D9 DARK NINE,
159844,NL,DHG Tilburg,
165176,NL,Tolhuistuin,
165445,ES,Starlite Occident,
167802,BE,Club Capital,
168237,DE,Deutsche Bank Park,
167303,NL,SPOT/De Oosterpoort,
171635,DE,Zeche Zollverein,
180563,GR,Petras Theatre,
180845,ES,Lula Club,
198268,CZ,Sono Centrum,
176782,NL,Festivalterrein Bovenkarspel,
174735,ES,Trui Son Fusteret,
174727,GB,Here At Outernet,
176824,DE,Verträumte Angelegenheit,
177018,DE,Palladium Köln,
181200,FI,Savoy-Teatteri ,
181795,HU,Terminal Budapest,
179991,NL,The Governor,
182183,IE,Glendalough Estate,
179883,GB,District Cardiff,
181550,BE,Cegeka Arena,
179569,ES,Palau Sant Jordi,
181110,ES,lab theclub,
181761,LU,Parc Du Gaalgebierg,
181560,ID,Savaya Bali,
175394,GB,"Healey's Cornish Cyder Farm",
190628,PL,Stocznia Cesarska,
198127,HU,Három Holló / Drei Raben ,
194523,DE,Rotunde,
193334,NL,Boulesbitesbar Nijmegen,
182535,ES,El Puerto de Santa María,
184558,ES,Palau Alameda,
185628,BE,Country Hall de Liège,
196320,BE,Opera Antwerpen,
196605,DE,Isarphilharmonie,
183584,IT,RCF Arena,
15700,ES,Zul Saltacaballo,
22,DE,Salon Zur Wilden Renate,Berlin
29,NL,Winkel van Sinkel,Utrecht
89,NL,Café Thomas,Eindhoven
182,NL,Festivalterrein de AA,Beek en Donk
191,NL,Recreatiegebied Maasplassen,Roermond
234,NL,TDF,Berlikum
308,NL,Koepelhal Tilburg,Tilburg
323,NL,C.C. Cascade,Hendrik-Ido-Ambacht
1008,NL,Grote Kerk,Enschede
1327,DE,Pacha Munich,München
1482,NL,"'t Draaiboompje",Moergestel
2711,FR,Le DRAK-ART,Grenoble
2872,FR,Le Metronum,Toulouse
2971,NL,Kuurpark,Valkenburg
3031,BE,Grote Kaai,Lokeren
3066,FR,Disneyland Paris,Paris
3372,NL,De Koornbeurs,Franeker
3525,NL,Club Church,Amsterdam
3650,DE,Reeperbahn,Hamburg
4024,FR,Théâtre des Nouveautés,Paris
6114,NL,Cuijk Centrum,Cuijk
6146,BE,Sportclub Fitlink,Diepenbeek
6293,NL,Grote Kerk,Naarden
6433,GB,O2 Academy Newcastle,Newcastle upon Tyne
6529,NL,Rode Hoed,Amsterdam
6733,BE,AED Studios,Lint
6931,NL,Club 22.24,Doetinchem
8468,NL,Tobacco Theater,
8652,BE,Blankenberge,
11233,BE,De Waai,
11337,SE,Debaser Strand,
11420,NL,The School of Life - Amsterdam,
11934,NL,Cinerama,
12403,NL,Sonnenborgh,
12868,NL,Kubbus,
12968,NL,De Heeren van Sonoy,
13296,PT,Gare,
13404,NL,Hamelandhal,
13957,IT,Milano,
14964,NL,De Voormars,
16022,IT,BASE Milano,
16237,NL,Beverwijk ,
16580,GB,The Cookie,
16647,GB,Proud East,
16713,DE,Jazz-Schmiede,
17032,GB,Apollo Theatre,
17100,GB,The Bongo Club,
17241,NL,HAL4 Aan de Maas,
17261,BE,De Verlichte Geest,
18182,NL,Oss,
18364,NL,De Koning Party & Events,
19055,AT,Marx Halle,
19261,US,PPL Center,
19753,GB,Newmarket Racecourse,
19817,GB,The Hub / DBs Live,
20094,AT,Elevate Festival,
20367,DE,Historische Stadthalle Wuppertal GmbH,
20600,ES,Happy Techno,
21350,BE,CINEMATEK,
21365,GB,The Berkeley Suite,
21516,NL,CV de Neutenkrakers,
21551,DE,Werk56,
21872,ES,Marchica Formigal,
22350,US,Brooklyn Bowl,
23193,HR,Stella Maris,
23318,ES,Valladolid,
23544,HU,Pécsi Sörház (HIVATALOS),
23706,DE,StadtHalle Rostock,
23894,ES,Torrelavega,
24986,GB,The Loco Klub,
25549,US,Davies Symphony Hall,
27716,NL,Leidseplein,
27746,GB,SSE Hydro,
29913,US,Ambassador Theatre,
30635,GB,Birmingham City Centre,
32707,BE,ZODIAK,
37795,GB,Marble Arch,
38651,BE,Café Local,
38664,BE,Oostende - de Stad aan Zee,
43178,ES,Es Gremi Centre Musical,
44284,GB,North Walls Recreation Ground,
45421,BE,Dyoukes,
46197,ES,Barbastro,
46378,AT,Messezentrum Salzburg,
49726,US,SilverLakes,
51079,PT,Theatro Circo - Página Oficial,
52518,ES,Museo Thyssen-Bornemisza,
55031,GB,Kingspan Stadium,
56254,BE,Grand palace,
56460,NL,Oirschot,
61283,ES,SaLa Gamma,
61530,US,Denver Center for the Performing Arts,
64613,BE,GC De Passant,
77320,DE,Festplatz am Ratsweg - Frankfurt,
78528,DE,Hilton Düsseldorf,
81038,BE,CC Het Spoor,
82156,ES,Mendizabala,
85204,ES,"Cornellá De Llobregat, Spain",
91407,AU,Rochford Wines - Yarra Valley,
91550,AU,Brisbane Convention & Exhibition Centre,
93828,GB,Covent Garden London,
98586,GB,Royal Geographical Society,
100870,NL,Schaatsbaan Rotterdam,
107964,ES,Fernán Gómez Centro Cultural de la Villa - FG.CCV,
108413,AU,Coburg Velodrome,
113228,CA,Igloofest Montréal,
116033,ES,Jerez de a Frontera,
118600,MX,Tulum,
118671,CH,"L'Usine Genève",
119317,NL,Café Toon,
121970,CA,Théâtre Petit Champlain,
125973,ES,Recinto De Conciertos Gazpatxo Rock,
126089,AT,Salzhof Freistadt,
132541,AU,S.A.S.H,
133655,NZ,Mt Smart Stadium,
133939,HU,Kossuth Művelődési Központ,
135403,NL,Ouwehands Dierenpark,
136253,NL,Epe,
136532,GB,Lightbox,
136777,NL,Goes,
137128,NL,ijmuiden aan zee,
140638,GB,Selhurst Park,
143121,NL,Cornelis Stadhuisplein,
146500,BE,The Crossover Music Pub,
147635,NL,Paviljoen Genneper Parken,
147689,ES,Esdeveniments Esferic,
147739,ES,Teatro Calderón,
147931,ES,Waka Sabadell,
148011,DE,Anomalie Art Club,
148277,BE,Amigo Amigo,
148449,GB,Criterion Theatre,
148662,DE,Akademie der Künste,
148861,DE,Stadthalle Mülheim,
149008,NL,Stichting Pampus,
149091,NL,Bison Bowling Haarlem,
149906,IE,CityNorth Hotel,
150292,NL,Volta,
150720,AU,The Timber Yard,
152065,AU,Esplanade Park,
152078,AU,Let Them Eat Cake,
152725,BE,LOD studio,
152793,BE,ZWARTWIT,
154372,GB,"St John's Hill ",
155764,AU,Seymour Centre,
156349,NL,Meneer Frits,
157271,NO,Tønsberg,
157912,DE,Haus 33,
158356,HU,Heaven Club,
158858,ES,Antiguo Aquapark de Calviá,
159801,ES,Sala Cool,
159840,ES,Sala Vol,
159984,AU,Nannup Music Festival,
160226,FR,Combe à la Serpent,
161485,NL,De Ottermeerhoeve,
161574,GB,"Car Park, Longbridge Rd, Trafford Park, M17 1SN",
161856,NL,NXT Museum,
164221,AU,The Colonial Hotel ,
164468,ES,Badalona,
166744,HU,Flashback,
166869,NL,Smedestraat 31,
168005,GB,HighRise Hub,
168358,BE,Tiendschuur,
168768,HU,MADAM,
168851,ES,Auditorio de Torremolinos,
168988,PT,Nada Temple,
169386,HU,Marriott Hotel,
169633,AT,Club Exil,
169860,NL,S.B.V. Excelsior (Excelsior Rotterdam),
169885,BE,Sporthal Eeklo,
172957,NL,Muziekfestival Hrieps,
177718,AU,Aware Super Theatre,
178077,IT,Palazzo Bonaparte,
178231,ES,sala Granada 10 ,
179234,US,The Brooklyn Monarch,
179256,ES,La Cúpula de las Arenas,
65,NL,Podium Duycker,Hoofddorp
198,DE,Dortmunder Westfalenhallen,Dortmund
204,NL,De Fabrique,Utrecht
233,NL,"Café 't Schuttershof",Middelburg
466,NL,Café Plein,Rotterdam
1204,NL,REM Eiland,Amsterdam
1473,DE,Diamonds Club Köln,Köln
1532,DE,MTW,Frankfurt am Main
1682,NL,Café van Buren,Nijmegen
1829,NL,Podium Pardoes,Hoogwoud
1882,NL,Café Metieske,Sevenum
2103,NL,Cruise Rotterdam,Rotterdam
2397,MA,Marrakech,Marrakesh
2551,NL,Theater de Roode Bioscoop,Amsterdam
3159,NL,Surfeiland,Aalsmeer
3674,DE,Sandsteinhöhlen Halberstadt,Langenstein
6359,NL,Groningen,Groningen
6599,NL,Theaterhotel Almelo,Almelo
7455,GB,Roxy,London
7816,GB,The Social,
7998,NL,Pakhuis de Zwijger,
9038,NL,Toverland,
11218,FR,"Bordeaux, France",
12227,NL,Mediamatic,
12246,MX,Papaya Playa,
12270,NL,Raadhuisplein,
12295,NL,Posthoornkerk,
12399,DE,Flugplatz Neustadt-Glewe,
12545,IT,Dude Club,
13077,FR,"Biarritz, France",
13143,BE,Centerparcs Vossemeren,
13425,NL,Speelhuis,
13609,NL,De Vrienden Live,
14379,FR,"Plan d'eau de Vieure",
14478,NL,Jacks Music Bar,
14673,FR,Jardins Suspendus,
15324,GB,The Pickle Factory,
15647,NL,Opera Zalencentrum,
16505,NL,Club Vibes,
17518,DE,Berliner Philharmonie,
17588,SE,Mölleplatsen,
18463,NL,G-spot,
18736,CH,KUGL,
18753,BE,Mirage Winterbar,
19388,CA,The Opera House,
19610,US,Hobby Center,
19654,IT,PalaLottomatica,
20184,GB,The Leadmill,
20692,US,The Majestic,
20849,SE,Happy Live,
20930,NL,Nieuwe Buitensociëteit,
20969,DE,Club Douala Ravensburg,
21189,GB,Swan Theatre,
21618,ES,Teatreneu,
22630,PT,"Campo Pequeno, Lisboa",
22681,US,Iron City Bham,
22784,DE,8 below club,
23272,FR,Le 106,
23726,US,"Atlanta, GA, United States",
25246,CH,Kongresshaus Zürich,
25308,DE,Die Wühlmäuse,
25501,DE,Weser-Ems-Hallen,
25675,ES,Ferial ,
26475,US,Harlows Restaurant & Night Club,
26657,US,New York City Center,
27906,GB,The Winding Wheel,
28011,DE,Musical Dome - Köln,
29753,BE,Oostende,
33958,US,"Tacoma Dome, Tacoma Washington",
37766,GB,The American Express Community Stadium (The Amex),
38305,GB,ArcTanGent,
38714,BE,Karrewiel Building,
39814,CZ,Malá sportovní hala,
43045,IT,Musei Capitolini,
45020,BE,De Centrale,
45424,NL,Standdaarbuiten,
48058,BE,Oktoberhallen Wieze,
64534,PT,"Funchal, Portugal",
65985,BE,White Cat,
66384,RO,Cluj-Napoca,
66711,DE,Kesselhaus,
79768,NL,Café Restaurant De Paus,
82232,ES,Goya Social Club,
90964,AU,Eatons Hill Hotel,
93999,IT,Via Tortona Superstudio piú,
99941,NL,Thialf,
107743,NL,De Buitenpoort,
111898,NL,Grote Kerk,
118989,NL,Supermercado,
119100,DE,Filmforum NRW,
132621,NL,Huiskantine,
133100,BE,CC de Woeker,
133161,ES,Sala Siroco,
133869,GB,"Coroner's Court",
133923,HU,Mikszáth Kálmán Művelődési Központ,
136154,BE,CC De Kimpel,
136335,AU,Suncorp Stadium,
136467,NO,Nasjonal Jazzscene,
136698,GB,PRYZM Watford,
137268,DE,"HERBRAND's ehrenfeld",
138297,SE,Ullevi,
139390,DE,Freilichtspiele Schwäbisch Hall,
142125,NL,Oudegracht 36,
145467,ES,L’Auditori,
145904,SE,Bellevueparken,
146430,US,Capitale,
146438,GB,ICC - International Convention Centre Birmingham,
146810,NL,Tractorpulling Lochem,
147317,NL,Café de Noot,
147508,GB,Night Tales,
147598,CH,Labor5,
147898,NL,Beekman & Beekman,
147995,NL,Maïa,
148133,NL,Burgemeester Reinaldapark,
148530,NL,Het Witte Huis,
148683,HU,Gerevich Aladár Nemzeti Sportcsarnok,
149122,GB,Unit Nine,
149356,DE,Climax Institutes,
150703,FR,Le Moulin de Piot,
152989,NL,Kasteelweg,
153610,NL,Recreatiepark Oost-Maarland,
154542,AU,The Fortitude Music Hall,
155134,BE,Centre Tour à Plomb,
156125,NL,P5,
156606,PT,Altice Forum Braga,
156762,AU,Pitch Music and Arts,
157761,BE,Dixies,
157886,NL,Eetcafé Spijker,
158069,GB,54Liverpool,
158335,PT,FIL,
158730,ES,Zafiro Tropic,
159625,PT,Estádio Cidade de Coimbra,
160381,IL,Duplex Club,
160651,NL,JACK Rotterdam,
160681,FR,Le Chapiteau - La Belle de Mai,
160834,BE,Pakawi Park,
160975,NL,Club Atelier Sodafabriek,
163126,AT,AKW  Zwentendorf,
163306,NL,Heuvelring 94,
163398,NL,Backyard,
164143,NL,Strandbar Stek ,
165076,ES,Casino de Asturias,
165961,GB,"Jimmy's Liverpool",
167979,GB,Young Vic Theatre,
168049,AU,Stadium Park,
168216,GB,Temple Pier ,
168225,ES,Club Downtown,
168774,ES,Espacio Ibercaja Delicias Gran Cabaret,
168850,LK,Akurala,
168915,BR,Sirena Maresias,
169006,ES,Babilonia Summer Club,
169400,GB,Unit 13,
169412,FR,Château De La Mounède,
169872,GB,"The Hub @ Teesside University Students' Union",
169935,NL,Floralis,
169947,NL,Theater De Klif,
170230,ES,Milano Jazz Club,
170492,FR,Nausicaá,
170901,HU,Etele Pláza,
171056,NL,"Mambo's ",
171244,NL,Paak Vinyl Bar ,
171510,NL,Kasteel Oolde,
172782,NL,Oudegracht aan de werf 97,
174382,ES,Cosmocaixa Barcelona,
175111,GB,Catton Park,
177053,FR,Plouf Bateau Mousse,
177250,HU,Csokonai Fórum,
177469,BE,Les Salons du 25,
177582,GB,"KK's Steel Mill",
177715,LK,Colombo,
177772,ID, Savaya Bali,
178611,DE,Tauberfrankenhalle,
178618,GB,St Peter Mancroft,
178782,NL,Tiwya,
179351,ID,Yoga Barn,
180078,NL,Strand Nesselande,
180658,IE, Here & Now,
181834,DE,Mühlheim Stadthalle,
181835,CA,Fonderie Darling ,
181854,RE,VIP CAMBAIE,
181858,ES,Quejio,
181949,BE,Gc Den Hoek,
181973,NO,BADEPARKEN DRØBAK,
182001,SE,"Skeppet GBG, Sjömanskyrkan",
182013,ES,Teatro Avanti,
182069,BE,Hastiere,
182106,GB,Epsom Playhouse,
182132,NO,Luster,
182333,CH,Schützi,
182351,BE,"Ric's River Boat",
182519,BE,JOC De Nartist,
182858,NL,Schaijk,
182904,NL,Café de Pimp,
182978,IT,Tempio del Futuro,
183802,CZ,Pražská Tržnice,
183947,SE,Folkets Hus Östersund,
184210,SI,Velenje,
192645,GB,Menier Chocolate Factory,
195567,GB,Oxford Playhouse,
197975,NL,Dieka Markelo,
200113,DE,Pegelbar,
200592,GB,hopeworks,
185371,US,Fox Theater,
1704,DE,Club 102,Neuss
16454,AT,PRATERSAUNA,
18359,NL,Egmond aan Zee,
18952,NL,Evenemententerrein Albergen,
27928,GB,Wolverhampton Grand,
133471,US,August Hall,
168682,DE,Oma Doris,
18558,GB,SUB89,
21248,GB,BFI Southbank,
26177,CH,Gaskessel Bern,
156047,BE,Cinema Plaza,
118924,BE,Cultuurzaal Daverlo,
136010,ES,Teatro Bellas Artes,
133870,FR,Vitry sur Seine,
7371,NL,Partycentrum De Kentering,Rosmalen
29040,DE,Bastard Club (B.C.) Osnabrück,
8772,NL,Jacobikerk,
20819,GB,Hampton Court Palace,
16885,GB,The Roadmender,
1666,NL,Felix Meritis,Amsterdam
22410,BE,Rumba,
18545,ES,Dabadaba,
54157,GB,Globe Theatre,
113224,CA,Grand Théâtre de Québec,
176621,IT,Teatro Metropolitan,
167632,GB,Forum Birmingham,
184218,HU,Hamvas Béla Pest Megyei Könyvtár,
181830,IT,Acquario di Genova,
160689,NL,Caribabad,
143250,DE,Scala Ludwigsburg ,
125057,ES,Auditorio CCIB Forum,
188304,PL,Krakow,
12201,DE,Halle Münsterland,
170194,HU,Continental Arena,
126073,DE,Berliner Philharmoniker,
18372,NL,Back & Fourth,
26592,ES,Teatre Condal,
16544,NL,Zoetermeer,
91257,AU,Sidney Myer Music Bowl,
133174,US,Gershwin Theatre,
143486,NL,Utrecht Kinepolis,
8309,NL,Theater aan het Spui,
23300,US,Thalia Hall,
22850,GR,"Athens, Greece",
9769,DE,YUCA,
38762,BE,Minus One,
149616,CH,"L'Octogone Théâtre de Pully",
158422,GB,Troubadour Wembley Park Theatre,
159166,DE,Metropol Theater ,
170001,NL,Rhoon,
13498,NL,Theater de Muze,
20499,ES,Palacio De Congresos Valencia,
19832,GB,The Live Rooms,
27799,IE,National Stadium,
29653,ES,Alhambra,
21625,ES,Teatro Amaya,
1150,BE,Mirano Continental,Brussels
17004,GB,Bush Hall,
20493,ES,Teatro Lara,
16896,HU,E78,
56192,BE,CC de Borre,
67293,HU,Szombathely Mmik,
106616,ES,Gran Teatro de Cáceres,
123943,GB,Newcastle Theatre Royal,
167797,SE,Melodybox,
150955,BE,De Serre Hasselt,
133343,IE,Marley Park,
180146,NL,Area 51,
186299,ES,Sala Z,
180947,BE,Red & Blue CargoClub,
181982,DE,Schlachthof,
16739,GB,Aberystwyth Arts Centre,
27190,ES,Sala Malatesta,
19674,NZ,Powerstation,
6194,DE,UT Connewitz,Leipzig
10099,NL,Roermond,
23329,ES,Santander,
24074,ES,Palacio de Festivales de Cantabria,
21743,FR,La Maroquinerie,
21990,ES,Sala La Mirona,
24339,DE,Nochtwache,
2269,DE,Myticket Jahrhunderthalle,Frankfurt
31,NL,De Graanbeurs,Breda
11535,SE,Berns,
20872,HU,A Vértes Agorája,
26303,DE,Prachtwerk Berlin,
14978,IT,Teatro del Silenzio,
31054,ES,Teatro La Latina,
13428,DE,Luxor,
12077,NL,City Lido,
12648,GB,Manchester Academy,
45507,GB,Theatre Royal Brighton,
57230,BE,CC Stroming,
59885,GB,The Piece Hall,
78500,GB,The Pavilion Theatre,
116009,BE,Aula Magna,
100867,NL,Het Ketelhuis Eindhoven,
106549,GB,Craven Cottage,
108105,ES,Sala Sonora,
90119,ES,Bilbao Arena Kirol Jauregia - Miribilla,
112887,IE,Opium,
113044,NL,Holland International Blues Festival,
113047,NL,Bregepop Festival,
118554,GB,The Peacock Theatre,
148837,DE,Kulturetage,
140104,AU,The Factory Theatre,
175807,BE,Amuz,
158683,BE,Club Lima,
168475,HU,Hagyományok Háza,
158101,ES,Teatro Arriaga Antzokia,
146160,NL,Bassment,
158203,GB,Sondheim Theatre,
147438,DE,Musiktheater Piano,
134867,GB,Adelphi Theater London,
171256,NL,PONG - Ping Pong bar,
181239,NL,Schouwburg Concertzaal Tilburg,
195635,GB,Sheffield Lyceum,
197646,SE,Helsingborg Arena,
203054,NL,De Oostkerk,
1773,NL,De Balie,Amsterdam
21799,SE,Stora Teatern,
18041,IT,Teatro Augusteo,
11958,SE,Sofiero Slott och Slottsträdgård,
18754,DE,Stage Operettenhaus,
13009,FI,Helsingin Jäähalli,
9022,BE,C-mine Cultuurcentrum,
11492,DE,Kantine,
18082,HU,Toldi Klub,
26745,DE,BLITZ Music Club,
31597,CH,Theatre de Beaulieu,
7279,GB,Ministry of Sound Club,London
18663,BE,Cultuurcentrum Mechelen,
12029,DE,MS Dockville,
25417,GB,Lowry Theatre Manchester,
18664,NL,Maastricht,
18906,GB,The Glasgow Royal Concert Hall,
1207,NL,Fox,Stadskanaal
12484,PL,Tauron Arena Kraków,
22151,ES,Nuevo Teatro Alcalá,
13919,IT,Circo Massimo,
3449,NL,Theaters Tilburg,Tilburg
16372,HU,Audi Aréna,
1121,NL,Club Westwood,The Hague
18522,CZ,Fléda Club,
14042,PT,Teatro Tivoli Bbva,
16482,HU,Thália Színház,
26038,NL,Pop- & Cultuurpodium P3,
610,BE,Kokorico,Zomergem
19815,GB,Komedia Brighton,
5903,NL,Zwitsalhal,Apeldoorn
25685,ES,Parque de Enrique Tierno Galvaán,
7694,NL,Stroomhuis,
15047,GB,Concorde 2,
30893,IE,The Marquee Cork,
31873,BE,"L'Entrepôt À Arlon",
12971,BE,Café Café,
32444,BE,Opera Gent,
21698,HU,Rózsavölgyi Szalon Arts & Café,
502,NL,De Bosuil,Weert
596,NL,ECI Cultuurfabriek,Roermond
309,DE,KitKatClub,Berlin
1208,NL,Club Merlijn,Hengelo
1495,DE,Tanzhaus West,Frankfurt
452,DE,Kulttempel,Oberhausen
656,NL,Evenemententerrein De Boulevard,Bergen op Zoom
1,NL,Dynamo,Eindhoven
13,NL,Bitterzoet,Amsterdam
120,NL,Jaarbeurs Utrecht,Utrecht
142,NL,Het Sieraad,Amsterdam
173,NL,Stadsblokken,Arnhem
230,NL,WillemEen,Arnhem
252,NL,EKKO,Utrecht
509,NL,Burgerweeshuis,Deventer
613,NL,Hedon,Zwolle
130,NL,Club Poema,Utrecht
1501,DE,Ritter Butzke,Berlin
1027,NL,Sportcentrum Rusheuvel Oss,Oss
1547,DE,Bootshaus,Cologne
1779,NL,Warehouse Elementenstraat,Amsterdam
1985,DE,Zenith - Die Kulturhalle,München
2029,NL,TivoliVredenburg,Utrecht
2042,BE,Kursaal Oostende,Oostende
2086,BE,Kavka Zappa,Antwerpen
2150,NL,Philips Stadion,Eindhoven
1317,BE,Waregem Expo,Waregem
19806,GB,Clwb Ifor Bach,
19697,GB,Nottingham Theatre Royal & Royal Concert Hall,
13447,NL,OOST,
19741,GB,Brudenell Social Club,
11319,SE,Münchenbryggeriet,
18859,ES,OchoyMedio Club,
12610,TH,Bangkok,
20564,DE,Borussia-Park,
6440,NL,Het Zonnehuis,Amsterdam
15390,GB,Portsmouth Guildhall,
17731,IT,Teatro Europauditorium,
23667,HU,Végállomás Klub,
5485,GB,Roundhouse,London
6587,BE,Nijdrop,Opwijk
19825,GB,Cheltenham Town Hall,
17150,DE,Zoom Club,
8789,NO,Vulkan Arena,
12110,ES,Amnesia Ibiza,
12635,NL,Theater Het Kruispunt,
17301,CA,Montréal,
23710,SK,"Trencin Airport, Slovakia",
2877,NL,Ureterp,Friesland
3493,NL,Radion,Amsterdam
23216,CH,Burning Mountain Festival,
7932,NL,Deventer,
17399,IT,Teatro Brancaccio,
3563,DE,Mannheim,Mannheim
8747,BE,Flagey,
17759,GB,O2 Academy Birmingham,
27305,BE,Théâtre de Namur,
13266,GB,Cambridge Theatre,
15896,GB,O2 Academy Oxford,
19702,GB,Bournemouth International Centre,
23312,CH,Volkshaus,
2938,NL,Club Smederij,Tilburg
3048,PT,Passeio Marítimo de Algés,Oeiras
3187,NL,Rotterdam,Rotterdam
3518,NL,Van Gogh Museum,Amsterdam
3635,NL,Kennemer Theater,Beverwijk
5417,GB,Royal Albert Hall,"London, United Kingdom"
5465,NL,Het Nationale Theater (Koninklijke Schouwburg),Den Haag
5536,NL,Theater De Blauwe Kei,Veghel
6007,GB,Village Underground,London
6049,NL,Stadion Galgenwaard,Utrecht
6377,GB,Electric Brixton,London
6451,NL,Meerpark,"Amsterdam, Netherlands"
6678,DE,E-Werk & Palladium Köln,Cologne
7735,GB,Motion,
9025,ES,Sala Razzmatazz,
9088,BE,Kompass,
9243,NL,Stadsschouwburg en De Vereeniging,
9438,NL,IJssportcentrum Eindhoven,
9747,NL,De Cacaofabriek,
9811,NL,Harderwijk,
10135,GB,The Brighton Dome,
10260,DE,Europa-Park,
10775,BE,IKON,
11751,ES,Estadi Olímpic Lluís Companys,
12417,PL,klub Stodoła,
12546,IT,Alcatraz,
12796,BE,Cirque Royal | Koninklijk Circus,
13834,ES,Mondo Disko,
14046,IE,Black Box,
14104,IT,Stadio San Siro,
14225,NL,Boom Chicago,
14268,NL,IJ-Hallen,
14836,GB,The Jazz Cafe,
15557,CZ,Lucerna Music Bar,
15994,GB,O2 Academy Glasgow,
16001,ES,Sala Apolo,
16374,HU,Erkel Színház,
16797,IE,Aviva Stadium,
16883,HU,Corvin Dumaszínház,
18547,ES,Jimmy Jazz Gasteiz,
19726,GB,"Festival and King's Theatres Edinburgh",
19731,IE,"National Concert Hall, Dublin, Ireland",
19796,AU,Qudos Bank Arena,
20304,ES,Spook Club,
21110,NL,WesterUnie,
21896,ES,Teatro Circo Murcia,
21988,ES,Hï Ibiza,
22178,BE,Flanders Expo,
22409,RO,Crazy Beach,
22799,ES,Teatro de las Esquinas,
22901,LU,Den Atelier,
24036,ES,Teatro Campos Elíseos Antzokia,
24804,ES,Ciudad del Rock de Arganda,
24910,ES,Sala París 15,
25400,GB,Milton Keynes Theatre,
26164,BE,Abbaye de Villers,
27025,PT,Coliseu dos Recreios,
27956,GB,Hackney Empire,
30713,NL,Poppodium Iduna,
23014,DK,Parken - København,
6029,NL,Stadsschouwburg Velsen,Velsen
16343,AT,Wiener Stadthalle,
27817,DE,Kölner Jugendpark,
8125,NL,PaRaDoX,
2457,ES,Poble Espanyol de Barcelona,Barcelona
16005,NL,Shelter,
38700,BE,Chinastraat,
14980,BE,Bellewaerde,
2172,NL,Theater Walhalla,Rotterdam
62630,NL,Theater Cultura,
45444,ES,Gandía,
62442,IT,Teatro La Fenice,
47047,NL,Parktheater Eindhoven,
49149,US,Disneyland,
56347,BE,Het Perron,
67103,NL,Heeswijk-Dinther,
67442,NO,Oslo Spektrum,
67578,DE,Frannz Club,
68524,DE,Die Kantine - Yard Club,
76083,NL,Theater de Purmaryn,
86556,HU,Városligeti Műjégpálya,
111736,ES,Teatro Bretón de los Herreros,
90893,NL,Fulco Theater,
91035,AU,Enmore Theatre,
89213,NL,Effenaar,
107846,GB,The Telegraph Building,
107851,ES,Sala Groove,
93026,BE,Club Vaag,
161714,NL,The Grey Space In The Middle,
135996,ES,Sala Bóveda,
155196,RO,FORM SPACE,
169319,DE,Rudolf-Weber-ARENA,
148319,CZ,Storm Club,
171900,IT,Teatro Ambra Jovinelli,
166653,GB,Apollo Victoria Theatre,
171804,HU,First Field,
149145,DE,Bumann & SOHN,
141578,HU,Marczibányi Téri Művelődési Központ,
170311,NL,Enkhuizen,
156661,SK,Edison Park,
173942,ES,Sala On,
149943,BE,De Kelk,
145595,BE,CC Binder,
148538,NL,7th Sunday Festival,
149038,BE,Popallure,
177583,HU,Playground,
178031,SK,Národný futbalový štadión,
178245,NL,Velder Woods,
178325,ES,Clos La Plana,
178386,CW,Curaçao Festival Center,
178436,AU,Accor Stadium,
178575,NL,Postkantoor,
178695,NL,Kanaal40,
179248,BE, Feestzalen Prinsenhof,
179777,ES,Matadeto Madrid,
179884,NL,Het Pesthuis,
179922,IT,Creberg Teatro Bergamo,
180310,IT,Palazzo Zaguri ,
180448,BE,The Jane Antwerp,
180465,BE,gravenhof Hoboken ,
180646,AE,Ferrari World Abu dhabi,
180942,CA,Auberge Saint-Gabriel,
181035,IT,Parco Nord,
181104,DE,BOGEN 2 ,
181246,ES,Filmax Gran Via,
181281,ES,Sala 9 Bosque,
181372,NL,No Rules Heinekenplein,
181444,BE,GC de Plak,
181481,BE,"Zebrawoods tent Zebrastraat, 9000 Gent, België",
181497,GB,Rotunda Comedy Club,
181499,NL,Bastion Pierre,
181500,ES,Estadio José Rico Pérez,
181599,ES,Plaza de toros de Él Puerto de Santa María ,
181643,BE,Het Leienpaleis,
181708,NL,Lovers Canal Cruises,
181711,IT,Pinacoteca di Brera,
181727,ES,La esfera,
181743,PL,Mińska 25,
181757,GB,"Ready, Steady, Bake It",
181778,BE,CENTRE CULTUREL ATRIUM 57,
181845,GB,StoneX Stadium,
181865,ES,Hacienda Nadales,
181909,GB,MAST Mayflower Studios,
181924,ES,Sala Desierto Rojo,
181970,IT,Teatro Guanella,
182000,SA,King Fahd Stadium,
182073,NL,Stichting Beheer Badhuis Follow,
182096,BE,R.W.D. Molenbeek,
182113,PT,"Versus pt - B.Leza, Lisboa",
182139,ES,Teatro Auditorio Gran Casino,
182224,GB,Chapeltown Picture House,
182248,BE,Cobra Deluxe ,
182385,IT,Stadio Arechi,
182469,NL,De Geerhal,
182617,CZ,"Sokol, Libeň",
182632,NL,Airport Eelde,
183029,IT,Cieloterra,
183336,ES,Jove Teatre Regina ,
183446,DE,Club Zimmermanns,
184260,RO,Romaero,
187352,PT,Gnration ,
189697,ES,Palacio de Congresos de la Línea de la Concepción ,
190362,ES,Plaza de Toros,
195566,IT,Teatro Filarmonico,
196065,ES,Sala Muv,
196126,DE,Event Center Stollberg,
198014,ES,Abarset,
198124,GB,Marylebone Theatre,
198484,ES,The Hangar,
137974,BE,Plantentuin Meise,
168966,ES,House of Son Amar,
181993,GB,Old Fire Station,
37886,GB,"CURVE theatre, Leicester",
149378,GB,Up the Creek Comedy Club,
1795,NL,Stadsschouwburg Amsterdam,Amsterdam
155671,BE,Kinepolis Gent,
2601,FR,La Halle Tony Garnier,Lyon
90012,DE,Deutsches Schauspielhaus,
173945,GB,Fire Vauxhall,
23071,US,Union Transfer,
41027,IT,Teatro Ventidio Basso di Ascoli Piceno,
68582,ES,Florida 135,
143554,NL,Cue Breda,
169148,ES,Cuenca Club,
16706,CH,D! Club - Lausanne,
6613,DE,Messegelände,Essen
68644,BE,De Zoerla,
179782,GB,Un:Titled Studio,
23777,CH,Salle Métropole Lausanne,
8718,DE,Radialsystem,
43240,ES,Matadero Madrid,
29544,GB,Rebellion Manchester,
5679,NL,Schouwburg Middelburg,Middelburg
156094,NL,"De heikampen 5, 5482 ZR, Schijndel",
27202,ES,Teatro de la Maestranza,
148735,ES,Teatre Goya,
11212,NL,La Caverne de Geulhem,
1516,NL,Beachclub Klein Scheveningen,Lopikerkapel
190396,GB,Southbank Center,
180309,GB,Lyttelton Theatre ,
186153,DE,RSO.BERLIN,
8863,NL,Malieveld,
11033,DE,Die Pumpe,
6318,GB,Scala,London (GB)
40044,NL,Middelburg,
86697,DE,Musical Dome,
167362,GB,Wales Millenium Centre,
169057,ES,Sala Cats,
21867,GB,Bedford Esquires,
22673,AT,Nova Rock,
11339,SE,Bar Brooklyn,
100016,NL,Mirror Centre,
168436,NL,Cambuur Stadion,
146758,GB,Club Chemistry,
145448,HU,Petőfi Kultúrtanszék,
172230,IT,Teatro Verdi,
168455,GB,Colour Factory,
184192,DE,Koblenz,
177683,ES,Cinesa Fuencarral,
199744,ES,Playa de La Hierbabuena,
198698,NL,Club Up,
199298,NL,Schuur,
20888,HU,Babits Mihály Kulturális Központ,
25430,GB,Aylesbury Waterside Theatre,
26433,BE,Stekene,
16,NL,Jimmy Woo,Amsterdam
21620,ES,Teatro Maravillas,
20869,HU,Lurdy Mozi,
21518,NL,PERRON-3,
22699,NO,Telenor Arena,
11315,SE,Kulturbolaget,
23488,HU,Búgócsiga Akusztik Garden,
24842,ES,Teatro López de Ayala,
23008,ES,Centro Cultural Miguel Delibes,
11037,DE,Skaters Palace,
827,NL,De Drie Gezusters,Nijmegen
18538,ES,Sala Fanatic,
23655,CZ,Sportovní hala Fortuna - Tipsport Aréna,
17572,GB,The Old Fire Station,
6410,GB,AO Arena,Manchester
7070,GB,Fabric London,London
16477,NL,Cultuurcentrum VU Griffioen,
22208,NL,Theater de Voorveghter,
65003,ES,Rabolagartija Festival,
68916,ES,Plaza de Toros de Las Ventas,
79618,ES,Teatre Borràs,
83917,ES,Casa de Campo,
107841,HU,Kőrösi Csoma Sándor Kőbányai Kulturális Központ,
86771,BE,CC Asse,
108096,ES,Teatro Apolo ,
88170,NL,PKHS,
158569,NL,Zalmhuis,
134347,BE,Schouwburg Kortrijk,
137445,GB,The Cause,
158844,SE,Gasklockorna,
152546,DK,Musik Loppen,
137958,ES,Auditorio Baluarte,
135965,CA,Entrepôts Dominion,
168526,ES,Hell Dorado,
160495,EE,Helitehas,
168875,HU,Stefánia Palota - Honvéd Kulturális Központ,
170581,CH,MÄX,
169408,ES,Sala Andén 56,
179634,ES,Umusic Hotel Teatro Albéniz ,
149756,ES,Guadalajara,
182751,SE,Djurgården,
182843,ES,Berlín Social Club,
19107,ES,Garaje Beat Club,
2122,BE,Théâtre le 140,Brussel
30522,LU,Casino 2000,
11771,SE,Växjö Konserthus,
16269,IT,Teatro Duse,
17033,GB,Arts Theatre,
19868,ES,Sala Moby Dick,
22903,SE,Fryshuset,
28485,GB,Cadogan Hall,
21607,BE,Stadsschouwburg Mechelen,
19778,GB,Scarborough Spa,
14373,BE,Ghelamco Arena,
9362,NL,Sonsbeek Park,
18940,NL,Wennekerpand ,
2119,DE,Alpincenter Bottrop,Bottrop
2537,NL,Vrijthof Maastricht,Maastricht
14337,NO,John Dee,
2753,FR,Zénith Paris - La Villette,Paris
18633,GB,The Wardrobe,
12219,IT,AMNESIA Milano,
10560,FR,EMB Sannois,
16170,HU,Trafó House,
14300,NO,Sentrum Scene,
18855,GB,Belfast Waterfront and Ulster Hall,
22628,CZ,Forum Karlín,
26777,GB,Lyceum Theatre London,
29807,DE,Zeltfestival Rhein-Neckar,
1984,DE,Arena Trier,Trier
37606,GB,Birmingham Hippodrome,
27701,ES,Vigo,
3544,DE,Conne Island,Leipzig
19720,GB,G Live,
487,NL,Vera,Groningen
2948,DE,Heimathafen Neukölln,Berlin
19911,IT,Piazza Sordello,
39061,DK,Det Kongelige Teater,
13688,PT,Hard Club,
18746,GB,"Saint Luke's & The Winged Ox",
3137,NL,Tilburg,Tilburg
19707,GB,The Lowry,
23780,DE,Trabrennbahn Hamburg Bahrenfeld,
23084,CH,Stadion Letzigrund,
15092,GB,The Bridgewater Hall,
17224,BE,CC Maasmechelen,
7474,CZ,SaSaZu,Prague
10572,NL,Brabantpark,
25554,AT,Simm City,
7726,NL,Rijksmuseum,
1272,NL,Azotod,Utrecht
23144,DE,RuhrCongress Bochum,
25422,GB,Richmond Theatre,
19716,GB,Liverpool Guild of Students,
19698,GB,Cliffs Pavilion,
21223,BE,CC De Plomblom,
10,NL,MEZZ,Breda
18,NL,Paradiso,Amsterdam
38,NL,PAARD,The Hague
74,NL,Poppodium 013,Tilburg
93,NL,BIRD,Rotterdam
165,NL,Amsterdamse Bos,Amstelveen
176,NL,Asterdplas,Breda
205,NL,Brabanthallen,"'s-Hertogenbosch"
425,NL,Waalhalla Centrum,Nijmegen
216,NL,Martiniplaza,Groningen
2006,NL,De Doelen,Rotterdam
2043,BE,Stadsschouwburg Antwerpen,Antwerpen
2136,NL,Stadsschouwburg Haarlem,Haarlem
2309,DE,Astra Kulturhaus,Berlin
1990,NL,Muziekgebouw Eindhoven,Eindhoven
17493,DE,Hans-Bunte-Areal,
27031,SE,Mejeriet,
19708,GB,Victoria Hall,
15797,NL,Theater De Storm,
3670,DE,Airport Würzburg,Würzburg
5870,BE,Kasko | Ampere,Antwerpen
12408,DE,Seeflughafen Cuxhaven/Nordholz,
23622,SE,Sweden Rock Festivalen,
16112,GB,The Deaf Institute,
13312,GB,Resorts World Arena,
20550,ES,Estadio Ramón Sánchez Pizjuán,
17315,HU,Nemzeti Színház,
12544,IT,Magazzini Generali,
15903,GB,SWG3,
26162,DE,Fabrik Hamburg,
5555,NL,Schouwburg het Park,Hoorn
11150,NL,Cultuurhuis PX,
16717,ES,Sala Bikini,
8984,BE,Les Halles de Schaerbeek,
16382,NL,Theater Ludens,
20225,GB,Tank NightClub,
2922,NL,De Grolsch Veste,Enschede
2936,NL,Hembrugterrein,Zaandam
3295,BE,Strand van Zeebrugge,Bruges
3443,NL,Deventer Schouwburg,Deventer
3517,NL,Thuishaven,Amsterdam
3637,BE,Lotto Arena,Antwerp
3975,FR,Zénith Arena de Lille,Lille
5388,BE,La Monnaie | De Munt,Brussel
5510,NL,Theater Zuidplein,Rotterdan
5745,DE,Live Music Hall,Köln
5777,BE,Fuse,Brussel
6002,NL,Club Rodenburg,Beesd
6004,NL,Theater de Veste,Delft
6110,NL,Olsthoorn Ranch,Naaldwijk
6175,GB,The Marble Factory,Bristol
6228,DE,Turbinenhalle,Oberhausen
6417,AT,Grelle Forelle,Wien
6449,BE,Reflektor,"Liège, Belgium"
6486,NL,Kasteel De Haar Haarzuilens,Utrecht
7206,GB,KOKO London,London
7219,GB,Lakota,Bristol
7849,GB,O2 Academy Islington,
7865,NL,Q-Factory,
8023,BE,Muziekcentrum De Bijloke,
9010,HU,Panorama Camping,
10159,NL,FLUOR,
10198,GB,Albert Hall,
10389,DE,Columbiahalle,
10558,NL,Science Center Nemo,
11317,SE,Friends Arena,
12174,BE,La Madeleine,
12504,PL,Atlas Arena,
12547,IT,Fabrique Milano,
12745,DK,Amager Bio,
13342,GB,Studio 338,
13456,ES,Palacio Vistalegre Arena,
13950,CZ,Dolní oblast Vítkovice,
14155,GB,Savoy Theatre,
14416,IT,Teatro Degli Arcimboldi,
14458,IE,Vicar Street,
14472,NL,Openluchttheater Valkenburg,
14885,IT,Palaolimpico Torino / Inalpi Arena,
15628,NL,Castellum,
15850,GB,Prince Edward Theatre,
16323,BE,Theatrium Mechelen,
16373,HU,MOMKult,
16449,GB,Hidden,
16502,HU,Magyar Állami Operaház / Hungarian State Opera,
16558,HU,Belvárosi Színház,
17335,IT,Teatro Colosseo,
18264,ES,Barcelona,
18312,HU,Örkény István Színház,
18847,ES,Zentral Gastro Club,
19007,DE,Festsaal Kreuzberg,
19650,IT,Stadio Olimpico,
19710,GB,Oxford New Theatre,
19955,ES,Sala Galileo Galilei,
20497,ES,Plaza de Toros de Valencia,
20979,ES,Teatro Lope de Vega,
21177,GB,Emirates Stadium,
21437,ES,Teatro Arlequín Gran Vía,
21609,ES,La Riviera,
22721,SE,Way Out West,
25680,ES,Recinto de festivales de Benicàssim,
27617,GB,Victoria Palace Theatre,
28101,DE,Olympiahalle München,
29335,DE,Amphitheater Gelsenkirchen,
31976,ES,Plaza de Toros Alicante,
15660,HU,Zamárdi,
8830,GB,The SSE Arena Wembley,
23721,CH,Openair Frauenfeld,
19017,GB,Hippodrome,
41572,IT,Teatro Palapartenope,
43184,ES,Teatro Colón,
95,NL,Luxor Live,Arnhem
634,DE,Knust,Hamburg
48042,BE,CC De Abdij,
56451,GB,Theatre Royal Drury Lane,
67043,NL,WAS.,
48787,BE,Compagnie Cecilia,
54116,NL,Evenemententerrein Walibi,
54662,GB,The Old Fruitmarket,
58460,GB,Silverstone,
72585,GB,Queen Elizabeth Olympic Park,
76113,NL,Wilminktheater en Muziekcentrum Enschede,
83325,ES,Safari Disco Club,
82140,BE,AFAS Stadion,
82152,CA,Olympia de Montréal,
82234,CZ,O2 Arena,
108443,ES,Teatro Fígaro,
90612,HU,MÜHA Művészetek Háza,
85287,ES,Teatro Nuevo Apolo,
106610,NL,DNK - De Nieuwe Kolk,
141556,NL,Havenpark,
144247,IE,Twenty Two Dublin,
147257,HU,Analog Music Hall,
158859,ES,Concert Music Festival Sancti Petri,
148104,ES,Independance Club,
156787,GB,London County Hall,
158866,NL,Boerenrockfestival,
143383,GB,EartH (Evolutionary Arts Hackney),
138413,NL,Stadsplein 100a,
144659,DE,Carlswerk Victoria ,
146194,NL,Gashouder Westergasfabriek,
147740,NL,The Streetfood Club,
148544,DE,Backstage München,
148714,DE,Theater am Potsdamer Platz,
149142,DK,K.B. Hallen,
150838,NL,Bronze Beach,
152598,NL,Lofi,
155041,DE,Metropol Berlin,
155197,IT,Largo Venue,
158093,NL,Munch,
157681,ES,Auditorio Principe de Asturias,
173446,HU,Ferencvárosi Művelődési Központ és Színház,
173840,HR,Park Mladeži,
169113,CZ,Enteria Arena,
166949,GB,Utilita Arena,
168522,ES,Parque El Batel,
173896,NL,Amaze,
160353,DE,Psychedelic Experience Festival,
170284,ES,Estadi Johan Cruyff,
167442,NL,Tentfeest - America (L),
166524,IT,Audiodrome Live Club,
165333,SE,Fållan,
168217,BE,Trixxo Arena Hasselt,
168448,BE,Cultuurcentrum De Werf - Aalst,
171655,BE,Stade Joseph Marien,
165403,DE,Köln,
165593,NL,Theater de Spiegel ,
173180,HU,Katona József Színház - Kamra,
141708,GB,Playhouse Theatre,
168293,US,Summit One Vanderbilt,
202044,ES,Bajo la Gran Carpa ,
192171,GB,hmv Empire,
182141,ES,"Marina d'Or",
195141,CZ,Jatka78,
182181,BE,Rosas Performance Space,
177776,GB,NX Newcastle,
179830,GB,Boxpark Wembley,
182205,HU,Csepeli Munkásotthon / Csepel Színház,
178374,HU,Barba Negra,
180978,IT,Stadio San Nicola,
181732,BE,Parc d’Osseghem,
186152,BE,Handelsbeurs Antwerpen,
196411,ES,La Casa del Sol (Museo de la Ciencia),
195891,NL,AFAS Theater Leusden,
182763,LU,Luxexpo Open Air,
199427,ES,Estadio Santiago Bernabéu,
195975,BE,Tiendschuur Herkenrode,
197633,ES,Paral·lel 62,
16274,HU,Muzikum Klub,
116144,NL,Amsterdam Centraal,
87299,IT,Bologna,
86841,ES,Madrid,
93409,NL,Lijm & Cultuur,
108183,ES,Teatre Victòria,
108396,DE,Staatsoper Unter den Linden,
171555,BE,Cafe Zaal Lux,
150693,HU,Jurányi Produkciós Közösségi Inkubátorház,
147613,GB,Delfont Mackintosh Theatres,
155903,PL,Praga Centrum,
169526,NL,De Werfkelder,
119145,DE,Club Ost,
118558,NL,Schouwburg De Lawei,
118634,GB,Aldwych Theatre,
153454,BE,De Velinx,
148631,NL,De Koperen Tuin ,
151256,BE,Westrand - Cultuurcentrum Dilbeek,
168767,DE,Hole Berlin,
144002,BE,Area V,
151303,AU,Optus Stadium,
159986,GB,Novello Theatre,
158325,NL,Club Rhône,
135589,NL,Wibar,
157451,BE,BUDA BXL,
150950,BE,La Cabane,
143744,ES,Ciudad Deportiva Guillermo Amor,
152931,GB,Belsonic,
135264,DE,Hamburg,
136603,NL,Wildlands,
137136,BE,Magdalenazaal,
147547,GB,Prince of Wales Theatre,
126494,GB,Royal Theatre Bath,
126173,NL,Grasweide Papendorp,
126459,BR,Sao Paulo,
126468,NL,Zaantheater,
126574,HU,Sziget Festival Official,
133512,ES,Recinto Ferial de La Fica,
134842,NL,Annie M.G. Schmidtpark,
136992,ES,Antigua Hípica Militar,
137413,ES,La Marina de Valencia,
144027,NL,Graanfabriek,
144274,NL,Willem Twee Poppodium,
144583,NL,"Muziekgebouw aan 't IJ",
144640,GB,O2 Academy Bristol,
145970,DE,Merkur Spiel-Arena,
148539,NL,Dream Village,
149010,IT,Palazzo Dello Sport,
151601,NL,Douvenrader Park,
157211,GB,Chalk Venue Brighton,
159396,ES,Monte Do Gozo,
147379,GB,"Wyndham's Theatre",
159034,NL,Domusdela,
147585,DE,Dürener Badesee,
166637,ES,Complejo Embrujo,
161051,DE,Rinne im Ostragehege,
168322,GB,Trafalgar Theatre,
169472,NL,Horst,
166293,ES,Industrial Copera,
168038,HU,UP Rendezvénytér,
168433,HU,Turbina Kulturális Központ,
168487,HU,MVM Dome - Budapesti Multifunkcionális Sportcsarnok,
168957,GB,The Loft ,
169079,GB,ABBA Arena,
169180,ES,Cala de Mijas,
158594,GB,Lafayette,
191767,NL,Theater Oostpool,
181516,BE,Jeugdcentrum de Bilding,
185532,ES,DISCOTECA MEDIAS PURI,
179254,BE,cc De Kern,
177146,ES,Kursal,
177097,BE,Corso,
176952,IT,Carroponte,
176712,ES,Estadio Cívitas Metropolitano,
177702,ES,"Teatre L'Aliança Del Poblenou",
177638,NL,Toekomstmuziek,
178109,BE,Asiat Park,
179452,GB,The Limelight ,
183753,BE,Eventhall ME,
193562,BE,30CC/Minnepoort,
196112,NL,Amphion Theater,
189006,NL,Recreatieterrein Middelwaard,
192019,PL,Spodek Katowice,
200796,NL,Het Amsterdamse Bostheater,
196118,NL,Zwolse theaters,
185767,IT,Mediolanum Forum,
181144,BE,casino kursaal,
181178,ES,Naviluz,
181424,ES,la Deskomunal,
181513,IT,Teatro Rossini,
181514,CH,Seehofseeli,
181563,NL,MediArena 2,
181596,TH,"Nakhon Si Thammarat, Thaïland",
181649,AT,Stadtsaal,
181718,HU,Katakomba pinceszínház,
181731,DK,Stagebox,
181849,BE,Martyrs Theatre,
181882,GR,Velocity Arena,
182035,NL,CulturA&zo,
182040,BR,Komplexo Tempo,
182059,IT,Piazza Cesare Beccaria,
182079,NL,Boven Nieuwstraat 113,
182105,ES,Arena Blanes,
182161,GB,Leeds University Union Stylus,
182163,DE,Werkstadt,
182215,BE, Centre for Fine Arts,
182277,NL,Grandcafé Zuid Oost,
182332,ES,Centro Comarcal de Humanidades Sierra Norte,
182525,NL,Cultuurlab,
182527,ES,Dreambeach Villaricos,
182629,NL,Pop-Up Jam,
183047,DE, Amsterdamer Straße 192,
183065,NL,Amsterdamse Bos & Aan het IJ,
183477,ES,Muelle Ciudad (Cadiz) ,
187022,GB,Catton Park,
187560,BE,Odnar ,
191880,DE,Kia Metropol Arena,
194283,NL,Sint Jacobskerk,
195172,NL,Club_Clare,
196644,HU,Angyalföldi József Attila Művelődési Központ,
199769,ES,Casa de la música de Fuenlabrada ,
200927,BE,comedshows.be,
201093,ES,Teatro Flumen,
3756,FR,Le Trabendo,Paris
431,NL,5th Avenue,Arnhem
19595,US,Granada Theater,
25023,TH,Rajamangala National Stadium,
168602,DE,FREUD Club,
103698,GB,The Copper Box Arena,
133088,DE,Gärtnerplatztheater,
147747,FI,Vanha ylioppilastalo,
19408,US,Arlene Schnitzer Concert Hall,
118929,BE,Wevelgem,
3104,NL,Park Bekkerveld,Heerlen
8405,NL,Theater Kikker,
11833,NL,Natlab,
147107,GB,Royal Exchange Theatre,
11916,FI,Tavastia,
13990,NL,Arminius,
182485,GB,St Martin-in-the-Fields,
198580,GB,"His Majesty's Theatre ",
24337,BE,Genk,
1716,NL,WORM,Rotterdam
20703,BE,"Centre Culturel d'Uccle",
12035,NL,Betty Asfalt Complex,
11401,NL,Theater de Kattendans,
115079,CA,CODA,
90547,GB,Thirty3Hz,
156640,BE,Expo antwerpen,
17812,ES,Palau Blaugrana,
169912,CH,Saint Moritz,
194491,ES,Centro Hípico de Mairena del Aljarafe,
26801,DE,Nature One,
67632,CH,"Place de l'Europe",
23794,US,The Crocodile,
2321,DE,Nachtresidenz,Düsseldorf
139197,GB,Bournemouth Pavilion Theatre,
167474,NL,Holy Moly Club,
27416,DK,Jyske Bank Boxen,
17535,DE,Der Hirsch,
19739,GB,Komedia Bath,
26613,IE,Cyprus Avenue,
21797,SE,KB West,
113118,CA,Place des Arts,
58283,ES,Palacio de ferias y congresos de marbella,
18077,HU,Ötkert,
10395,GB,ExCeL London,
7464,DK,Rust,Copenhagen
24073,GB,The 100 Club,
23287,GB,Colchester Arts Centre,
15959,NL,Vlaardingen,
91579,AU,QPAC,
145447,NL,Fletcher Hotel-Restaurant Nieuwegein-Utrecht,
181215,HU,Veszprémi Petőfi Színház,
169611,DE, Schallwerk,
7257,GB,Mandela Hall,Belfast
13999,DE,Das Zimmer Mannheim,
19656,GB,Brighton Centre,
21732,ES,Alicante,
5664,BE,Biebob,Vosselaar
11915,NL,De School,
15517,GB,Milton Court,
20224,ES,Sala La Trinchera,
17102,IT,Casa della Musica,
123814,ES,Charco de la Pava,
137195,PL,PreZero Arena Gliwice,
148318,HU,Nagyharsány,
135005,ES,Teatro Pavón,
133010,AT,Escape,
169346,GB,The Castle and Falcon,
168611,ES,Teatro Del Soho CaixaBank,
24696,BE,Atelier 210,
16523,DE,Karlstorbahnhof,
7043,GB,Egg London,London
2829,FR,Le Tetris,Le Havre
24560,GB,"Sadler's Wells Theatre",
9505,BE,Lokeren,
15352,BE,CC Den Hoogen Pad,
24322,GB,The Boileroom,
39806,CZ,Futurum Music Bar,
5410,NL,Theater de Kunstgreep,Oostzaan
9335,NL,So What!,
44715,GB,Warwick Castle,
16868,HU,AGORA – Művelődési és Sportház,
32349,HU,Debrecen Nagyerdei Stadion,
24549,HU,K11 Művészeti és Kulturális Központ,
29937,GB,The Brook,
1209,DE,Club Rote Sonne,Munich
27295,NO,Latter,
18520,DE,Tower Musikclub,
3648,DE,Gruenspan,Hamburg
1861,NL,Xinix,Nieuwendijk
24797,ES,Estadio Gran Canaria,
19002,HU,BMC - Budapest Music Center,
21438,ES,Teatros Luchana,
20956,DE,MTC Cologne,
17443,GB,Gielgud Theatre,
16308,CH,Nordstern,
2808,FR,Big Band Café,Hérouville-Saint-Clair
8621,NL,Theater Heerlen,
18540,ES,Sala Custom,
12774,BE,De Bogaard,
55408,BE,N9,
76092,NL,Stadsgehoorzaal Kampen,
74967,IT,Piazza San Marco Venezia,
71724,GB,PRYZM Kingston (London),
86974,SE,Dramaten,
86799,BE,Spirit of 66,
108189,NL,Theater aan het Vrijthof,
155728,PT,Super Bock Arena,
145941,AT,Brucknerhaus,
172208,BE,KVS Bol,
159209,BE,CC Het Gasthuis,
152104,AU,Home the Venue Sydney,
126216,BE,CC Jan Tervaert,
147185,SE,Plan B,
169274,ES,Uñas Chung Lee,
180238,GB,LDN East,
193319,NL,The Jungle Club,
15293,BE,Knokke-Heist,
17586,NL,Theater Koningshof,
27566,GB,"High Lodge, Thetford Forest",
15999,GB,The Warehouse Leeds,
16051,GB,The Rainbow Venues,
18762,ES,Teatre Poliorama,
18858,ES,Shôko Madrid,
20765,HU,Bálint Ágnes Kulturális Központ,
12025,GB,The SSE Arena Belfast,
15921,HU,Zeneakadémia,
5579,DE,TonHalle München,München
12438,PL,Palladium,
19813,GB,Exeter Phoenix,
14546,IT,Parco Gondar,
14516,DE,Schloss Ludwigsburg,
22869,ES,BBK Live Bilbao,
17665,BE,Kinepolis Antwerpen,
13746,AT,Orpheum,
13908,ES,Pacha Barcelona,
32081,NL,Nieuwe Nobelaer,
8751,NL,De Hip,
23703,BE,Hasselt,
14687,IT,Auditorium Parco della Musica,
23985,IT,Teatro Puccini,
179257,TH,Alexa Beach Club ,
180197,ES,Estacion Baqueira Beret,
180679,NL,MESS,
180761,ES,Espacio Mad Cool,
181185,AT,Pyramide Vösendorf,
181272,NL,Teatro Masquerade Ball NYE,
181342,NL,Grote Voort 8,
181371,CW,Madero Ocean Club,
181428,BE,Eglise saint aubain,
181450,CW,Fuikbaai,
181454,IT,Under the Grand Chapiteau,
181456,IT,Teatro Nuovo Giovanni da Udine,
181459,ES,Teatro Víctor jara,
181476,GB,Rebellion Club,
181486,GB,Hertford College,
181490,NL,Feestpaviljoen Venray,
181511,BE,Zaal de Dreef,
181524,NL,Huis73,
181536,DK,Odense Dyrskueplads,
181601,TH,Legend Siam Pattaya,
181634,IT,Superstudio Più,
181658,IT,Piazzale Scipione Borghese 5,
181673,ES,Antiguo recinto de ferias y mercados Castellón,
181680,IE,Forever Young Festival,
181736,SE,ICA Maxi Arena,
181742,BE,De Foyer,
181744,NL,De Citadel ,
181836,BE,Pre X-Mos ,
181843,TH,Tappia Floating Café ,
181846,NL,FEESTZAAL TROPICAL,
181896,BR,Espaço Galeria Jardim,
181961,NL,Park Berg en Bosch,
182010,ES,Campo 1 - Maspalomas,
182022,GB,Memorial Ground ,
182054,GB,Wells Cathedral ,
182095,NL,RKSV Mierlo-Hout,
182099,NL,Popcentrum Jacobiberg,
182134,HU,József Attila Művelődési Központ,
182203,GB,BLOQS,
182243,NL,Theather Ludens,
182257,NL,HEISA,
182302,DE,Audimax der Hochschule,
182325,DE,Tipi am Kanzleramt,
182339,IT,Giovanni Zini Stadium,
182436,ES,Centro de las artes escénicas y de la música,
182520,NL,Pathe ,
182532,BE,ter vesten ,
182622,ES,Penélope Disco,
182742,GB,"St. Martin's Theatre",
183489,PL,Cavatina Hall,
194718,CA,Vancouver Playhouse ,
196444,BE,Owla,
197589,PT,Teatro Maria Matos,
197644,NL,Ellipsis ,
199036,NL,Ecstatic Dance Odessa Veemkade ,
199229,SE,Solnahallen,
203039,CA,PNE Forum,
63,NL,Time Out,Gemert
12348,NL,Cul de Sac,
200129,DE,Bahnwärter Thiel,
9531,NL,De Ruchte,
134266,NL,Theater Heerenlogement,
2257,DE,Reineke Fuchs,Köln
18854,ES,16 Toneladas,
160489,GB,Garrick Theatre,
178516,IT,Palazzo del Turismo,
12773,GB,Patterns,
6351,NL,Theater Junushoff,Wageningen
127147,GB,Wycombe Swan Theatre,
138545,SE,Frimis Salonger,
159617,NL,Olivia,
173342,FI,Nokia Arena,
6285,NL,Theater aan de Slinger,Houten
16129,IT,"Teatro Manzoni, Via A. Manzoni 42",
476,NL,SS Rotterdam,Rotterdam
19791,AU,RAC Arena,
21396,GB,The White Hotel,
38271,GB,Manchester Cathedral,
15717,DE,Stage Bluemax Theater,
139813,GB,Mayfield Depot,
160667,NL,De Vrienden van Tilburg,
195798,SE,Valand ,
2326,DE,Nightrooms,Dortmund
2255,NL,Expo Houten,Houten
2994,NL,Theater de Schalm,Veldhoven
16309,NL,Houten,
2161,NL,Thialf Heerenveen,Heerenveen
68967,NO,Det Norske Teatret,
147241,DE,Stadtgarten,
63048,SE,Scalateatern,
84124,ES,Teatro Carrión,
155786,DE,Schauspielhaus ,
31947,BE,La Zone,
18309,DE,Deutsche Oper,
79701,FR,Zenith Toulouse Metropole,
151980,BE,Mithra Jazz à Liège,
23839,US,The Independent,
19907,ES,Sala Planta Baja,
59835,BE,Cultuurcentrum De Factorij,
138057,ES,Teatro Casablanca,
182841,ES,Costa Adeje Golf,
100069,NL,Korzo,
26871,EE,Unibet Arena,
25364,IT,Teatro Verdi Firenze,
66386,BE,BRONKS,
92543,BE,CC De Biekorf,
133574,GB,The Other Palace,
139257,DE,Sick-Arena,
197716,DE,Stromwerk,
21893,ES,Sala Acapulco,
18856,ES,Wurlitzer Ballroom,
18628,GB,RNCM - Royal Northern College of Music,
10471,NL,Maasboulevard 300,
17528,NL,Singer Laren,
17088,HU,Budapest,
11335,SE,Victoriateatern Malmö,
5525,DE,Volksbühne,Berlin
46438,GB,Birmingham Pride,
54154,GB,Central Hall Westminster,
119307,ES,Sala Zenith,
137844,BE,"Zaventem, België",
138662,BE,Cultuurcentrum Leopoldsburg,
142722,ES,Sala Kaya,
177956,ES,Teatro Quique San Francisco,
198979,NL,Roomsch Leven,
27086,ES,Multiusos Sánchez Paraíso,
5258,DE,LKA Longhorn,Stuttgart
19860,GB,The Cluny,
3219,GB,O2 Academy Brixton,London
21509,BE,CC De Kruisboog,
13228,FI,Kulttuuritalo,
6360,BE,Brussels Expo,Brussel
21309,ES,Discoteca Barraca,
32225,BE,Théâtre Royal du Parc,
22912,DE,Konzerthaus Dortmund,
16655,GB,Durham Cathedral,
20311,ES,La Casa Encendida,
18794,GB,World Headquarters,
931,BE,Bloody Louis,Brussels
1906,NL,Podium Victorie,Alkmaar
7784,DE,Konzerthaus Berlin,
3182,NL,Den Haag,The Hague
6407,NL,Stadstheater Zoetermeer,Zoetermeer
11230,DE,Rewirpower Stadion,
16444,GB,Natural History Museum,
19810,GB,Epic Studios,
22154,GB,Fortune Theatre,
57234,GB,Harold Pinter Theatre,
179779,DE,Hannover,
160971,HU,Ápoló Klub,
145235,DE,"Osthafen Club Berlin, Alt-Stralau 1-2",
170460,DE,Tokonoma,
123608,SE,Woody West,
156078,HU,Budapest Congress Center / Budapest Kongresszusi Központ,
156858,ES,Hall Teatro Afundación Vigo,
133833,BE,Zoo Planckendael,
140780,GB,FOLD,
133267,ES,Pequeño Teatro Gran Vía,
168407,BE,Jo-An,
172542,DE,Delta Musik Park ,
162083,NL,De Maaspoort Theater & Events Venlo,
165742,NL,BillyBird Park Drakenrijk,
181704,IT,Teatro Repower,
197744,ES,Copernico the club ,
57800,US,Lincoln Center,
24690,BE,Antwerpen-kust,
26769,DE,Freiheitshalle Hof,
37588,GB,New Theatre Cardiff,
21198,DE,Westfalenhalle Dortmund,
2494,DE,Schräglage Club,Stuttgart
12346,NL,Theater de Willem,
14638,HU,Budapest Jazz Club,
25232,DE,Theaterhaus Stuttgart,
21003,IE,"Dolan's Warehouse",
32718,BE,Muziekpublique,
2622,FR,"L'Olympia",PARIS
18537,ES,Fibes Sevilla,
13643,SE,Uppsala Konsert & Kongress,
17736,ES,Teatro Joy Eslava,
12074,NL,Pier 15,
8388,NL,Theater Sneek,
12647,GB,Usher Hall,
6127,NL,Vuurlinie,beverwijk
2313,DE,Gewölbe,Köln
19031,ES,Guitar Festival BCN,
23604,ES,Sala The One,
3667,DE,Mojo Club,Hamburg
5605,DE,Zakk,Düsseldorf
20711,GB,Kew Gardens,
16457,NL,Poppodium Volt,
18707,DE,Rheinenergiestadion,
16286,ES,Teatro Infanta Isabel,
13072,BE,CC Belgica,
23325,ES,Sevilla,
18350,DE,Prinzregententheater,
20272,FR,Lac de Vioreau,
15684,NO,Oslo Konserthus,
16965,ES,Teatro Barceló Madrid,
5482,NL,Theater Figi,Zeist
22669,DE,Hurricane Festival,
15892,GB,The Engine Shed,
11048,NL,Venlo,
6756,BE,Magasin 4,Brussels
13966,IE,The Grand Social,
31949,BE,KulturA.,
14802,IT,Arena Santa Giuliana,
23199,SE,Scandinavium,
875,NL,DRU Cultuurfabriek,Ulft
1991,NL,PLLEK,Amsterdam
373,NL,Manifesto,Hoorn
19,NL,Patronaat,Haarlem
52,NL,Perron,Rotterdam
114,NL,Klokgebouw,Eindhoven
135,NL,Ziggo Dome,Amsterdam
462,NL,Baroeg,Rotterdam
1999,NL,Stadsgehoorzaal Leiden,Leiden
1093,NL,Supperclub Amsterdam,Amsterdam
1059,NL,Recreatiegebied Geestmerambacht,Broek op Langedijk
1354,DE,Grosse Freiheit 36,Hamburg
1394,NL,Philharmonie Haarlem,Haarlem
1502,NL,Muziekgieterij,Maastricht
1506,NL,Dancing Bruins,Saasveld
1739,NL,Olympisch Stadion,Amsterdam
1743,NL,Johan Cruijff ArenA,Amsterdam
2008,BE,Botanique,Brussels
2023,NL,De Duif,Amsterdam
2046,BE,Capitole Gent,Gent
2182,NL,Stadsschouwburg De Harmonie,Leeuwarden
2267,DE,VELTINS-Arena,Gelsenkirchen
1992,NL,DeLaMar Theater,Amsterdam
1994,NL,Koninklijk Theater Carré,Amsterdam
2183,BE,ING Arena,Brussels
23997,BE,Muziekclub De Zwerver,
11188,IE,RDS Arena,
16158,ES,Zaragoza,
27772,GB,Tyne Theatre & Opera House,
9768,DE,Club Bahnhof Ehrenfeld,
10693,GB,Rescue Rooms,
5452,NL,Podium Mozaïek,Amsterdam
14911,NL,Theater Het Klooster,
13160,NL,Theater de Luifel,
23374,CH,Kaufleuten Club,
16048,GB,Thekla,
9676,DE,Waldfrieden Events,
25710,BE,Palais des Beaux-Arts de Charleroi | PBA,
17496,GB,Trinity Centre,
6322,GB,Oslo Hackney,London (GB)
6652,AT,WUK,Vienna
16980,NL,Beauforthuis Austerlitz,
13965,IT,Hiroshima Mon Amour,
14421,IT,Teatro Dal Verme,
17273,GB,Invisible Wind Factory,
29157,GB,Eden Project,
10917,NL,Hanzehof,
2427,DE,Phantasialand,Brühl
3362,HU,A38 Hajó,Budapest
3610,NL,Theater aan de Schie,Schiedam
3651,BE,Minardschouwburg,Gent
3665,BE,Arenberg,Antwerp
3708,DE,Signal Iduna Park,Dortmund
5275,NL,Schouwburg Amstelveen,Amstelveen
5554,NL,Markant Theater Maashorst,Uden
6163,CZ,Výstaviště Praha - Holešovice,Prague
6302,NL,Flevopark,Amsterdam
8046,DE,Artheater,
8715,NL,Schouwburg Lochem,
9053,GB,OVO Hydro,
9330,DE,Mitsubishi Electric Halle,
9633,NL,Annabel,
9944,DE,Huxleys Neue Welt,
10518,GB,Old Trafford,
11077,NL,BRET,
11314,SE,Slagthuset,
11552,DE,Stuttgart,
12032,BE,Plein Publiek Antwerpen,
12100,SE,Katalin,
12179,DK,Vega,
12619,AT,Wiener Konzerthaus,
13262,HU,Akvárium Klub,
13565,NL,Volkspark,
14066,IT,Foro Italico,
14211,DE,Matrix,
14966,IT,Roma,
15565,BE,CultuurCentrum De Herbakker,
15702,ES,Circuit de Barcelona - Catalunya,
16104,NL,TAQA Theater De Vest,
16250,GB,The Fleece,
16520,AT,Ernst-Happel Stadion,
16637,GB,O2 Ritz Manchester,
16841,DE,Uebel und Gefährlich,
18479,IT,Ippodromo Snai San Siro,
19930,NL,Abe Lenstra Stadion,
20210,NL,TheaterHangaar,
20945,DE,Bürgerhaus Stollwerck,
22246,BE,"Centre Culturel d'Auderghem",
23192,IT,Parco Dora Torino,
23462,ES,Plaza De Toros De Granada,
24179,BE,Théâtre Royal De Mons,
24456,GB,The Great Hall,
24597,NL,Kralingse Bos,
24706,BE,Trocadéro de Liège,
26731,GB,NEC Birmingham,
27942,GB,Palace Theatre & Opera House Manchester,
32251,SE,GöteborgsOperan,
32371,CZ,Letiste Praha Letnany,
20495,ES,Teatro Principal,
3028,LU,Rockhal,Esch-sur-Alzette
11961,DE,UBER Arena Berlin,
6229,ES,Camp Nou,Barcelona
43987,SE,The Tivoli,
43246,ES,Teatre Tivoli,
25467,AT,Praterdome Wien,
7045,GB,Electric Ballroom,London
60086,GB,Exhibition Centre Liverpool,
45272,NL,Club Vrijdag,
46193,NL,Deurne,
46372,ES,Canet de Mar,
68717,DE,Gaffel am Dom,
68423,HU,Veszprém Aréna,
56251,ES,Calella De Palafrugell,
51035,GB,Phoenix Theatre,
68655,BE,Théâtre National Wallonie-Bruxelles,
49684,BE,Stadsschouwburg Brugge,
67048,ES,Medusa Festival,
67577,DE,Columbia Theater,
67596,NL,Autotron,
68065,BE,Pairi Daiza,
66896,ES,Palacio de Congresos,
74900,GB,The Steel Yard,
76078,NL,De Kleine Komedie,
76097,NL,Theater Diligentia,
78587,BE,Zik-Zak,
93313,ES,Teatro Reina Victoria,
92995,BE,"Cultuurcentrum 't Schaliken Herentals",
101074,NL,Alpha Schagen,
90097,ES,Teatro Valle-Inclán,
90858,NL,De Lindenberg,
104687,AT,Wiener Staatsoper,
106611,ES,Palacio Euskalduna,
90792,NL,LAB-1,
100549,NL,Nationale Opera & Ballet,
101009,NL,Euroborg,
106520,NL,Hall of Fame,
108298,BE,Versuz,
100888,NL,Cruise Terminal Rotterdam,
134629,NL,City Theater,
18655,GB,The Bodega Social Club,
20007,GB,Hare & Hounds Kings Heath,
14880,IT,Cocoricò,
7521,CH,St. Jakobshalle,Basel
2563,NL,Schouwburg Orpheus,Apeldoorn
17009,NL,Cool Kunst en Cultuur,
15904,GB,The Liquid Rooms,
32443,ES,San Mamés Stadium,
19883,BE,"GC 't Heilaar",
16963,NL,Schouwburg & Filmtheater Agnietenhof,
17979,GB,Perranporth Beach,
18255,DE,Deutsches Theater München,
10467,NL,Isala Theater,
25995,FR,La Seine Musicale,
6344,NL,Theater de Mythe,Goes
4172,FR,Petit Bain,Paris
6454,NL,Het kasteel van Sparta,"Rotterdam, Netherlands"
12489,PL,Klub Studio,
14307,GB,Warner Bros. Studio Tour,
14346,BE,CC de Schakel,
23376,DE,Porsche-Arena,
77,NL,Club NYX,Amsterdam
2191,NL,Theater Bellevue,Amsterdam
125,NL,H7 Warehouse,Amsterdam
70,NL,Mondial,Beekbergen
41,NL,Melkweg,Amsterdam
45,NL,TOFFLER,Rotterdam
102,NL,Doornroosje,Nijmegen
154,NL,NDSM,Amsterdam
161,NL,De Vasim Fabriek,Nijmegen
172,NL,Aquabest,Best
178,NL,Recreatiegebied Spaarnwoude,Spaarnwoude
219,NL,Poppodium Bibelot,Dordrecht
288,NL,Podium De Vorstin,Hilversum
340,NL,De Pul,Uden
820,NL,Sloterpark,Amsterdam
859,NL,De Spot,Middelburg
2005,NL,De Tamboer,Hoogeveen
2314,DE,Die Halle Tor 2,Köln
1180,NL,Podium Gigant,Apeldoorn
1184,DE,Markthalle,Hamburg
1855,NL,De Ster,Nieuwkuijk
2010,BE,Het Depot,Leuven
2033,NL,Rotown,Rotterdam
2117,NL,Amsterdam,Amsterdam
2130,DE,Hockenheimring,Hockenheim
2252,DE,Tempodrom,Berlin
2256,NL,Circuit Zandvoort,Zandvoort
2262,DE,Lanxess Arena,Köln
185,DE,Ferropolis,Gräfenhainichen
22389,HU,Erzsébetligeti Színház,
24048,GB,Move,
6088,BE,Bourlaschouwburg,Antwerp
27745,GB,"Theatre Royal, Glasgow",
11311,SE,Tele2 Arena,
12573,DE,GreyZone Concerts & Promotion,
16115,GB,Gorilla,
25434,GB,Mayflower Theatre,
9533,BE,De Spil Cultuurcentrum,
9293,DE,Olympiastadion Berlin,
23314,DE,Mehr Theater am Großmarkt,
17313,HU,Helynekem,
17359,GB,Band On The Wall,
22873,DE,Sporthalle Hamburg,
24039,BE,Le Sassin,
18875,GB,Wylam Brewery,
27709,GB,The Forum,
12652,BE,Concertzaal De Casino,
15767,NL,Music Dome,
23152,DE,Kunstrasen,
18221,SE,Göta Lejon,
17181,HU,Symbol,
25402,GB,Symphony Hall,
6129,BE,30CC/Schouwburg,Leuven
11310,GB,Etihad Stadium,
8336,DE,Fusion Club,
23286,DE,Open Beatz Festival,
23574,BE,deSingel Internationale Kunstcampus,
2356,DE,Batschkapp,Frankfurt am Main
16757,GB,The Garage,
18786,GB,Exchange,
19776,GB,Engine Rooms Southampton,
2337,NL,Bimhuis,Amsterdam
2536,NL,Openluchttheater Caprera,Bloemendaal
2586,NL,Tuinen van West,Amsterdam
2954,NL,Eiland Buitenvest,Hulst
3335,NL,Kasteel de Berckt,Baarlo
3618,NL,Nobel,Leiden
5603,NL,Posttheater,Arnhem
5613,GB,Alexandra Palace,London
5724,NL,Nieuwe Luxor Theater,Rotterdam
5905,NL,De Rijswijkse Schouwburg,Rijswijk
6270,NL,Theater de Stoep,Spijkenisse
7119,NL,Haarlemmermeer,Hoofddorp
9535,BE,Cultuurcentrum Zwaneberg,
10134,CH,Geneva Arena,
10230,IT,Arena di Verona,
11186,BE,Concertgebouw Brugge,
11272,GB,O2 Forum Kentish Town London,
11717,NL,BASIS,
11767,PT,Meo Arena,
11840,ES,Fabrik,
12387,BE,Extrema Outdoor,
12556,IT,Spazio Novecento,
12570,SE,Pustervik,
12891,GB,Digital,
13417,DE,Düsseldorf,
13706,GB,Islington Assembly Hall,
14223,DE,Badehaus Berlin,
15470,GB,Mint Warehouse,
16110,HU,Cinema Hall Budapest,
16194,HU,Átrium Színház,
16299,SI,Tolmin,
16552,HU,Centrál Színház,
17418,GB,Motorpoint Arena Nottingham,
17700,FR,Le Bikini,
18868,ES,La Rambleta,
19624,BE,Koningin Elisabethzaal,
19929,NL,MAC3PARK Stadion,
21404,ES,Sala Salamandra,
22461,DE,Airbeat One Festival,
23005,ES,Auditorium de Palma,
23523,ES,Auditorio Manuel de Falla,
23673,NL,Poppodium Gebouw-T,
24129,SE,Nalen,
24724,ES,Caja Mágica,
27417,DK,Royal Arena,
28294,GB,Manchester Opera House,
29789,ES,Teatro Coliseum,
13513,NL,Schouwburg De Meerse,
17990,NL,Flint Amersfoort,
40065,DE,Alpincenter Hamburg-Wittenburg,
39782,CZ,Café V lese,
16805,CH,Docks - Lausanne,
574,NL,Recreatieterrein De Berendonck,Wijchen
46203,ES,Jamboree Dance Club,
66643,DE,Freizeitpark Rheinaue,
51641,BE,NTGent,
68579,BE,Plopsa Indoor Hasselt,
68125,DE,MH5 Roof Bar,
52247,ES,Bilbao Exhibition Centre (BEC),
56463,ES,Teatro Real,
66569,DE,Elbphilharmonie Hamburg,
113414,IT,Palasele,
108299,DE,Stage Theater im Hafen,
113382,GB,Tunbridge Wells Forum,
83990,ES,Teatro Olympia,
100919,NL,Lucky The Feel Good Provider,
106533,IE,"Whelan's Bar",
92186,HU,Eötvös10 Közösségi és Kulturális Színtér,
85175,FR,Warehouse Nantes,
88222,ES,Parc del Fòrum Barcelona,
89096,HU,Pesti Magyar Színház,
106546,ES,Sala Pelicano,
116406,NL,EM2 Groningen,
113515,ES,Sala Óxido,
113080,HU,Magyar Vasúttörténeti Park,
172890,ES,Faunia,
166740,MT,Liquid Club Malta,
146248,HU,Millenáris,
169431,BE,OC Zwijnaarde Nieuwe Melac,
136155,GB,Southend Palace Theatre,
140483,IE,Heineken Galway International Arts,
170835,NL,AGORA Theater Lelystad,
160296,NL,Poppodium Duyker,
117857,IE,Trinity College Dublin,
149995,GB,Utilita Arena,
156728,ES,Sala Cocó,
139535,AT,Vienna,
158821,HU,Örkény Stúdió,
129542,BE,C12,
147515,CZ,Hybernia Theatre,
172232,IE,Lost Lane,
136741,BE,Arjaantheater,
156994,DE,Jaki,
165373,DE,Seaside Beach Baldeney,
158538,ES,"IDEAL Centre d'Arts Digitals de Barcelona",
142727,ES,Sala Totem Aretoa,
126470,SE,Kulturhuset Stadsteatern Stockholm,
142977,BE,hetpaleis,
140839,ES,La Nau,
138730,GB,Gunnersbury Park,
154446,NL,Zeelandhallen,
123482,NL,Poppodium Boerderij,
133562,BE,Pop-Up Theater van Studio 100,
142172,NL,Now&Wow Club,
144035,NL,Internationaal Theater Amsterdam,
146581,ES,Sala Moon,
147929,BE,BAIA,
150621,GB,M&S Bank Arena,
151979,BE,Spa ,
152783,NL,Club Villa Thalia,
159039,DE,Gebäude 9 ,
168575,BE,CC De Bunder,
170191,DE,Proton The Club,
160500,ES,Sala Albéniz,
170042,NL,HAVEN,
171668,DE,QUARTERBACK Immobilien ARENA,
161522,NL,IJLand,
162313,NL,Engelermeer,
167877,GB,O2 City Hall Newcastle,
168301,NL,Amare,
168941,IT,Teatro Lirico Giorgio Gaber,
169143,ES,Asturias Jardines Feriales de Llanera,
170721,ES,Reial Club de Tennis Barcelona,
174017,ES,IFEMA,
177258,GB,60 Dock Road,
182115,NL,Mondi Skybar,
181629,GB,The Garage,
179660,IT,Villa Bellini,
179354,NL,Café Bosch,
176897,BE,Cultuurhuis Merelbeke,
178761,HU,RaM Színház,
180318,HU,6szín Teátrum,
182145,DE,Augsburg Arena (WWK Arena),
179233,BE,Kunstencentrum VIERNULVIER,
179332,CZ,O2 Universum,
179483,AU,PICA - Port Melbourne Industrial Centre of the Arts,
179562,IT,Stadio Diego Armando Maradona,
179984,NL,Houtrak (Spaarnwoude-park),
182052,NL,SPOT/Stadsschouwburg,
181546,ES,Teatro Victoria Eugenia Antzokia,
185946,ES,La Paloma,
201629,IE,"Malahide Castle - Co. Dublin, D",
186130,SE,Biblioteket Live,
191941,HU,Radnóti Miklós Színház,
186809,NL,Recreatiegebied Ruigenhoekse polder,
196942,NL,De Drafbaan,
200712,ES,Marenostrum Fuengirola,
157995,HU,Katona József Színház,
158019,NL,Mainstage,
133058,ES,Auditorio Marina Sur,
153473,ES,Cangas de Onis,
126219,DE,Odonien,
133078,GB,"Duke of York's Theatre",
134911,ES,Wolf Barcelona,
138073,GB,Liverpool Empire Theatre,
138323,NL,Metropool Enschede,
139913,GB,The Theatre at the Hippodrome Casino,
142730,NL,Feyenoord Stadion,
142731,ES,Navarra Arena,
145234,GB,Theatre Royal Haymarket,
146893,PT,LAV - Lisboa ao Vivo,
148416,NL,De Oude Meerdijk,
149829,NL,Lakedance,
149993,ES,Auditorio Municipal Cortijo de Torres,
155706,NL,Hofhouse,
156799,HU,Puskás Aréna,
157310,ES,Real Jardín Botánico,
154653,IT,Hall,
172543,ES,Teatro Magno,
168742,BE,Schouwburg Noord,
168306,NL,BITTER,
169858,BE,CC Lokeren,
160546,ES,Sala Jerusalem,
167134,ES,Puy Du Fou,
162002,ES,Teatro Capitol,
162531,ES,Cartuja Center CITE Sevilla,
166559,ES,Gran Teatro Caixabank Príncipe Pío,
168362,HU,Arzenál,
168438,NL,De Adelaarshorst Stadium,
171664,DE,Berlin,
171816,HU,Szegedi Partfürdő Kemping és Apartman,
180543,AE,Museum of the Future,
193102,IT,Piazza del Plebiscito,
183115,NL,MIMIK Film Theater en Cafe,
176709,DE,Parkbühne Wuhlheide,
178807,NL,De Kromhouthal,
179470,NL,NAR - Café der Kunsten,
182268,GB,The Alexandra,
181095,BE,Stadsfeestzaal Meir,
177688,BE,Lotto Park ,
181776,BE,KINEPOLIS,
178992,NL,On The Rocks,
178855,GB,Clock Factory,
179463,ES,Sala Mamba,
180597,DE,Schrottplatz,
180601,BE,Radar Event Hall,
181575,ES,Palacio de Congresos de Cádiz,
181567,NL,Laurenskerk,
181001,NL,Levenslang Amsterdam,
201116,NL,Fabrique des lumieres ,
191704,CZ,Underdogs’ Ballroom,
197102,BE,Djingel Djangel,
201578,ES,Circuito de Jerez Ángel Nieto,